0,1,2,3,4,5,6,7,8,9,10,11,12,13,14,15,16,17,18,19,20,21,22,23,24,25,26,27,28,29,30,31,32,33,34,35,36,37,38,39,40,41,42,43,44,45,46,47,48,49,50,51,52,53,54,55,56,57,58,59,60,61,62,63,64,65,66,67,68,69,70,71,72,73,74,75,76,77,78,79,80,81,82,83,84,85,86,87,88,89,90,91,92,93,94,95,96,97,98,99,100,101,102,103,104,105,106,107,108,109,110,111,112,113,114,115,116,117,118,119,120,121,122,123,124,125,126,127,128,129,130,131,132,133,134,135,136,137,138,139,140,141,142,143,144,145,146,147,148,149,150,151,152,153
84.82,49.53,54.42,92.62,45.62,66.19,100.0,93.42,88.31,71.82,52.12,70.71,82.73,87.0,84.05,84.01,61.55,85.88,51.25,47.58,61.37,33.52,87.29,93.69,83.53,79.65,57.89,23.17,70.84,32.58,100.0,15.32,35.2,92.34,67.98,93.47,63.25,81.69,88.15,43.61,18.91,58.75,80.83,64.18,88.44,71.17,82.37,34.34,100.0,93.08,60.32,60.07,64.66,42.22,23.94,100.0,7.05,94.44,81.6,85.46,67.17,92.81,75.16,51.96,60.21,0.0,92.83,62.58,75.19,94.32,100.0,80.83,54.01,92.54,12.03,21.05,74.11,100.0,100.0,100.0,56.8,83.74,25.79,100.0,80.87,79.53,64.63,100.0,69.26,75.45,47.75,48.16,100.0,92.95,87.1,59.5,79.16,52.94,72.18,71.04,82.75,59.84,68.94,52.07,83.83,77.13,60.1,86.54,14.88,47.16,81.0,51.88,93.72,86.65,80.85,32.3,100.0,51.14,68.06,92.42,93.07,68.4,100.0,85.36,85.1,83.17,72.09,52.27,92.4,65.86,100.0,54.42,38.6,92.06,60.49,53.59,29.07,42.09,42.88,47.24,34.4,54.55,94.54,42.35,51.07,0.0,19.5,84.19,92.87,72.12,100.0,93.37,100.0,12.68
84.82,49.53,54.42,92.62,45.62,66.19,100.0,93.42,88.31,71.82,52.12,70.71,82.73,87.0,84.05,84.01,61.55,85.88,51.25,47.58,61.37,33.52,87.29,93.69,83.53,79.65,57.89,23.17,70.84,32.58,100.0,15.32,35.2,92.34,67.98,93.47,63.25,81.69,88.15,43.61,18.91,58.75,80.83,64.18,88.44,71.17,82.37,34.34,100.0,93.08,60.32,60.07,64.66,42.22,23.94,100.0,7.05,94.44,81.6,85.46,67.17,92.81,75.16,51.96,60.21,0.0,92.83,62.58,75.19,94.32,100.0,80.83,54.01,92.54,12.03,21.05,74.11,100.0,100.0,100.0,56.8,83.74,25.79,100.0,80.87,79.53,64.63,100.0,69.26,75.45,47.75,48.16,100.0,92.95,87.1,59.5,79.16,52.94,72.18,71.04,82.75,59.84,68.94,52.07,83.83,77.13,60.1,86.54,14.88,47.16,81.0,51.88,93.72,86.65,80.85,32.3,100.0,51.14,68.06,92.42,93.07,68.4,100.0,85.36,85.1,83.17,72.09,52.27,92.4,65.86,100.0,54.42,38.6,92.06,60.49,53.59,29.07,42.09,42.88,47.24,34.4,54.55,94.54,42.35,51.07,0.0,19.5,84.19,92.87,72.12,100.0,93.37,100.0,12.68
84.82,49.53,54.42,92.62,45.62,66.19,100.0,93.42,88.31,71.82,52.12,70.71,82.73,87.0,84.05,84.01,61.55,85.88,51.25,47.58,61.37,33.52,87.29,93.69,83.53,79.65,57.89,23.17,70.84,32.58,100.0,15.32,35.2,92.34,67.98,93.47,63.25,81.69,88.15,43.61,18.91,58.75,80.83,64.18,88.44,71.17,82.37,34.34,100.0,93.08,60.32,60.07,64.66,42.22,23.94,100.0,7.05,94.44,81.6,85.46,67.17,92.81,75.16,51.96,60.21,0.0,92.83,62.58,75.19,94.32,100.0,80.83,54.01,92.54,12.03,21.05,74.11,100.0,100.0,100.0,56.8,83.74,25.79,100.0,80.87,79.53,64.63,100.0,69.26,75.45,47.75,48.16,100.0,92.95,87.1,59.5,79.16,52.94,72.18,71.04,82.75,59.84,68.94,52.07,83.83,77.13,60.1,86.54,14.88,47.16,81.0,51.88,93.72,86.65,80.85,32.3,100.0,51.14,68.06,92.42,93.07,68.4,100.0,85.36,85.1,83.17,72.09,52.27,92.4,65.86,100.0,54.42,38.6,92.06,60.49,53.59,29.07,42.09,42.88,47.24,34.4,54.55,94.54,42.35,51.07,0.0,19.5,84.19,92.87,72.12,100.0,93.37,100.0,12.68
84.82,49.53,54.42,92.62,45.62,66.19,100.0,93.42,88.31,71.82,52.12,70.71,82.73,87.0,84.05,84.01,61.55,85.88,51.25,47.58,61.37,33.52,87.29,93.69,83.53,79.65,57.89,23.17,70.84,32.58,100.0,15.32,35.2,92.34,67.98,93.47,63.25,81.69,88.15,43.61,18.91,58.75,80.83,64.18,88.44,71.17,82.37,34.34,100.0,93.08,60.32,60.07,64.66,42.22,23.94,100.0,7.05,94.44,81.6,85.46,67.17,92.81,75.16,51.96,60.21,0.0,92.83,62.58,75.19,94.32,100.0,80.83,54.01,92.54,12.03,21.05,74.11,100.0,100.0,100.0,56.8,83.74,25.79,100.0,80.87,79.53,64.63,100.0,69.26,75.45,47.75,48.16,100.0,92.95,87.1,59.5,79.16,52.94,72.18,71.04,82.75,59.84,68.94,52.07,83.83,77.13,60.1,86.54,14.88,47.16,81.0,51.88,93.72,86.65,80.85,32.3,100.0,51.14,68.06,92.42,93.07,68.4,100.0,85.36,85.1,83.17,72.09,52.27,92.4,65.86,100.0,54.42,38.6,92.06,60.49,53.59,29.07,42.09,42.88,47.24,34.4,54.55,94.54,42.35,51.07,0.0,19.5,84.19,92.87,72.12,100.0,93.37,100.0,12.68
84.82,49.53,54.42,92.62,45.62,66.19,100.0,93.42,88.31,71.82,52.12,70.71,82.73,87.0,84.05,84.01,61.55,85.88,51.25,47.58,61.37,33.52,87.29,93.69,83.53,79.65,57.89,23.17,70.84,32.58,100.0,15.32,35.2,92.34,67.98,93.47,63.25,81.69,88.15,43.61,18.91,58.75,80.83,64.18,88.44,71.17,82.37,34.34,100.0,93.08,60.32,60.07,64.66,42.22,23.94,100.0,7.05,94.44,81.6,85.46,67.17,92.81,75.16,51.96,60.21,0.0,92.83,62.58,75.19,94.32,100.0,80.83,54.01,92.54,12.03,21.05,74.11,100.0,100.0,100.0,56.8,83.74,25.79,100.0,80.87,79.53,64.63,100.0,69.26,75.45,47.75,48.16,100.0,92.95,87.1,59.5,79.16,52.94,72.18,71.04,82.75,59.84,68.94,52.07,83.83,77.13,60.1,86.54,14.88,47.16,81.0,51.88,93.72,86.65,80.85,32.3,100.0,51.14,68.06,92.42,93.07,68.4,100.0,85.36,85.1,83.17,72.09,52.27,92.4,65.86,100.0,54.42,38.6,92.06,60.49,53.59,29.07,42.09,42.88,47.24,34.4,54.55,94.54,42.35,51.07,0.0,19.5,84.19,92.87,72.12,100.0,93.37,100.0,12.68
93.57,48.46,67.51,78.79,23.57,55.46,82.27,79.25,86.9,82.72,38.26,63.26,77.51,87.25,71.93,79.19,38.32,88.01,35.56,66.66,74.26,31.55,71.62,90.41,72.49,66.13,48.35,26.74,85.81,74.18,80.66,25.27,31.49,80.37,60.99,85.26,30.4,94.02,90.8,53.38,19.52,73.21,59.57,79.96,87.62,64.99,75.43,59.44,68.73,94.83,34.81,84.69,67.0,43.75,13.62,97.58,18.2,86.92,71.85,82.66,71.69,80.89,29.01,72.24,74.15,13.61,92.68,60.23,88.89,69.72,97.0,79.5,86.4,81.87,26.19,63.78,79.4,97.02,86.13,88.08,87.95,78.54,31.86,89.54,85.22,90.4,64.22,93.21,61.69,79.59,63.66,57.15,93.59,88.74,74.35,79.98,90.53,50.73,79.04,94.52,78.9,27.03,74.91,69.52,73.36,70.08,36.15,82.51,39.32,60.13,78.71,40.8,92.75,63.43,90.42,32.19,88.68,58.1,71.79,88.72,93.56,74.5,81.51,77.64,75.0,78.61,68.97,46.63,85.08,70.82,94.61,30.34,51.32,98.41,83.86,29.96,57.98,38.91,43.78,62.06,37.15,58.24,94.32,28.75,31.11,13.5,20.86,76.68,93.88,69.77,91.52,91.26,85.55,12.72
94.04,47.16,67.5,79.15,23.2,55.63,82.65,79.37,86.84,83.45,37.1,63.94,77.77,87.44,72.28,79.43,38.63,88.4,35.65,66.7,73.72,31.78,71.66,90.5,73.27,67.91,49.31,26.79,85.98,73.99,81.15,25.29,30.42,80.38,61.95,85.56,29.18,94.44,90.97,53.05,19.12,73.53,60.47,80.16,87.38,64.85,75.34,59.59,69.46,94.87,35.17,84.47,66.93,43.8,13.15,97.64,17.77,86.89,73.04,82.74,72.21,81.0,29.71,71.71,74.94,13.31,92.82,59.58,88.78,69.95,97.09,79.5,86.47,81.83,26.43,64.34,79.89,97.05,86.23,88.31,87.74,78.47,31.7,89.69,85.51,90.65,64.55,93.31,61.93,79.58,63.26,57.27,93.77,88.96,75.52,79.4,90.68,50.0,79.15,94.57,79.11,27.43,74.97,70.43,73.73,70.39,35.87,83.03,38.43,60.13,78.68,39.74,92.86,62.91,90.63,31.61,88.83,59.04,72.65,89.01,93.59,74.98,81.84,77.95,75.55,78.61,69.36,45.55,85.35,71.52,94.67,30.9,52.21,98.44,83.82,29.66,58.14,38.15,42.46,62.52,36.48,57.92,94.38,28.32,30.56,13.65,20.37,77.03,93.86,69.92,91.66,91.16,85.58,12.99
93.56,48.07,67.45,78.77,23.5,55.45,82.37,79.26,86.81,82.78,38.23,63.25,77.42,87.27,71.95,79.21,38.31,88.08,35.7,66.71,74.2,31.6,71.74,90.41,72.6,66.27,48.44,26.77,85.78,74.08,80.77,25.34,31.6,80.29,61.11,85.25,30.41,94.03,90.79,53.29,19.45,73.3,59.62,79.96,87.61,65.01,75.29,59.4,68.78,94.8,34.94,84.63,66.98,43.75,13.61,97.58,18.14,86.87,72.06,82.68,71.7,80.89,29.01,72.08,74.21,13.62,92.68,60.35,88.84,69.86,97.01,79.51,86.42,81.89,26.21,63.79,79.48,97.04,86.11,88.09,87.9,78.45,31.89,89.56,85.23,90.41,64.23,93.19,61.61,79.53,63.5,57.04,93.57,88.74,74.31,79.84,90.53,50.64,78.96,94.5,78.98,27.04,74.89,69.54,73.42,69.99,36.12,82.55,39.12,60.09,78.68,40.68,92.72,63.64,90.42,32.25,88.67,58.21,71.87,88.72,93.53,74.45,81.52,77.68,75.15,78.6,68.91,46.38,85.11,70.89,94.58,30.56,51.28,98.39,83.83,29.99,57.86,38.76,43.53,62.01,37.06,58.51,94.29,28.62,31.16,13.45,20.82,76.71,93.85,69.86,91.52,91.26,85.56,12.73
93.94,46.48,67.05,79.22,22.46,55.6,82.37,79.44,86.93,83.67,38.22,63.42,76.09,87.34,72.16,79.49,36.84,88.87,36.49,66.54,72.6,30.31,72.24,90.37,73.13,66.76,47.86,26.1,86.15,73.16,81.08,25.01,30.69,80.7,60.38,85.82,30.43,93.99,90.93,54.9,19.06,73.51,60.23,80.12,87.63,65.17,75.47,57.0,70.66,94.9,35.32,85.01,67.22,44.71,14.2,97.66,17.81,86.81,73.78,82.56,72.38,82.17,29.05,72.57,75.67,12.89,92.97,60.66,89.15,70.17,97.22,79.58,86.2,81.73,25.21,62.43,80.83,97.13,86.12,88.63,88.1,77.51,31.39,89.74,85.96,90.75,62.63,93.41,59.79,79.43,60.75,57.65,93.88,88.69,75.44,78.66,90.89,50.0,79.37,94.78,77.54,26.33,75.74,68.95,74.01,69.5,37.99,83.37,37.2,59.3,78.78,39.26,92.77,64.47,90.72,30.91,88.95,57.84,73.79,89.12,93.62,75.33,82.31,77.8,75.56,77.98,69.52,43.78,85.69,69.75,94.78,34.21,51.54,98.41,84.47,28.99,55.76,37.45,40.13,62.78,37.93,58.52,94.38,28.41,31.42,13.06,20.95,77.35,93.99,69.72,91.83,91.44,86.47,12.6
94.0,46.37,66.85,79.21,22.49,55.33,82.41,79.37,86.86,83.76,38.0,63.53,76.03,87.26,72.02,79.38,37.07,88.83,36.24,66.68,72.53,30.39,72.22,90.3,73.09,67.01,48.09,26.18,86.09,73.27,81.0,25.08,30.46,80.69,60.58,85.82,30.07,94.08,90.9,54.78,19.13,73.36,60.31,80.05,87.52,64.9,75.44,57.05,70.76,94.88,35.25,84.95,67.09,44.51,14.18,97.65,17.87,86.74,73.98,82.39,72.46,82.06,29.21,72.51,75.66,12.85,92.95,60.6,89.1,69.87,97.21,79.43,86.07,81.55,25.23,62.59,80.84,97.12,86.11,88.61,87.99,77.43,31.46,89.7,86.01,90.72,62.61,93.41,59.89,79.32,60.65,57.61,93.89,88.62,75.67,78.64,90.88,49.33,79.3,94.79,77.43,26.48,75.87,69.2,73.93,69.45,37.87,83.37,37.26,59.39,78.66,39.19,92.76,64.62,90.69,30.95,88.95,57.96,73.87,89.08,93.57,75.44,82.29,77.71,75.63,77.78,69.45,43.68,85.72,69.88,94.77,34.42,51.8,98.42,84.46,29.09,55.81,37.38,39.9,63.18,37.84,58.58,94.38,28.44,31.22,13.11,20.82,77.24,93.96,69.93,91.82,91.36,86.34,12.7
97.0,93.4,53.71,96.28,18.53,6.3,82.62,95.97,97.03,84.64,44.01,34.92,86.28,95.08,82.66,94.01,31.91,85.25,13.48,80.59,89.36,10.02,82.91,96.17,79.52,65.18,40.19,5.43,95.11,74.03,88.73,9.93,40.22,95.85,66.46,97.73,40.14,98.04,97.58,65.25,9.51,75.24,39.54,89.57,96.93,68.9,93.78,75.1,72.86,98.51,98.59,94.82,90.04,36.0,3.14,99.49,8.74,97.54,50.25,85.66,89.35,77.58,11.83,88.61,77.9,2.0,97.83,75.04,97.82,61.5,97.03,94.18,88.33,92.94,18.39,37.86,75.45,95.22,97.33,96.69,96.44,96.94,17.17,96.96,93.82,94.81,49.9,99.11,56.23,84.76,62.5,59.11,99.17,90.74,66.17,99.12,94.65,22.51,93.38,98.67,78.26,12.41,99.98,60.4,91.67,54.02,33.64,94.91,38.04,49.07,94.54,69.25,98.53,53.41,95.05,23.73,98.2,44.89,84.03,96.91,98.7,84.07,95.15,87.03,83.76,87.82,74.09,63.17,94.17,84.35,98.71,3.71,48.96,99.59,96.4,26.84,51.7,61.24,77.87,96.46,54.55,52.95,99.17,3.22,28.91,15.12,4.68,91.23,98.98,98.35,98.33,95.97,78.23,6.98
97.01,93.22,53.66,96.27,18.49,6.28,82.65,95.96,97.02,84.76,43.97,34.97,86.04,95.07,82.63,94.0,31.95,85.25,13.55,80.62,89.29,10.03,82.91,96.17,79.54,65.19,40.23,5.44,95.1,74.06,88.75,9.95,40.17,95.84,66.49,97.73,40.1,98.04,97.57,65.21,9.5,75.2,39.59,89.56,96.92,68.86,93.77,75.05,72.91,98.5,98.59,94.81,90.02,35.95,3.14,99.49,8.75,97.54,51.0,85.66,89.39,77.55,11.85,88.59,77.92,2.0,97.83,75.06,97.81,61.46,97.03,94.17,88.3,92.93,18.35,37.85,75.45,95.24,97.33,96.69,96.44,96.88,17.19,96.96,93.87,94.8,49.79,99.11,56.21,84.74,62.14,59.05,99.16,90.72,66.21,99.11,94.66,22.48,93.36,98.67,78.24,12.43,99.98,60.44,91.66,53.94,33.6,94.91,37.9,49.09,94.53,69.05,98.53,53.54,95.04,23.77,98.2,44.92,84.12,96.9,98.7,84.13,95.14,87.03,83.81,87.8,74.07,62.8,94.19,84.38,98.71,3.83,49.01,99.59,96.39,26.86,51.48,60.94,77.46,96.47,54.5,53.07,99.17,3.22,28.89,15.09,4.67,91.21,98.97,98.35,98.33,95.96,78.2,6.99
97.01,93.21,53.66,96.27,18.49,6.28,82.65,95.96,97.02,84.76,43.97,34.98,86.03,95.07,82.63,94.0,31.96,85.25,13.55,80.62,89.29,10.03,82.91,96.17,79.54,65.19,40.23,5.44,95.1,74.07,88.75,9.95,40.17,95.84,66.49,97.73,40.1,98.04,97.57,65.21,9.5,75.2,39.59,89.56,96.92,68.85,93.77,75.05,72.91,98.5,98.59,94.81,90.02,35.95,3.14,99.49,8.75,97.54,51.03,85.66,89.39,77.55,11.86,88.59,77.92,2.0,97.83,75.06,97.81,61.45,97.03,94.17,88.3,92.93,18.35,37.85,75.45,95.24,97.33,96.69,96.44,96.88,17.19,96.96,93.87,94.8,49.79,99.11,56.21,84.74,62.13,59.05,99.16,90.72,66.21,99.11,94.66,22.48,93.36,98.67,78.24,12.43,99.98,60.45,91.66,53.94,33.6,94.91,37.89,49.09,94.53,69.04,98.53,53.55,95.04,23.77,98.2,44.92,84.12,96.9,98.7,84.14,95.14,87.03,83.81,87.8,74.07,62.79,94.19,84.38,98.71,3.83,49.01,99.59,96.39,26.86,51.47,60.93,77.45,96.47,54.49,53.07,99.17,3.22,28.89,15.09,4.67,91.21,98.97,98.35,98.33,95.96,78.2,6.99
97.01,93.21,53.66,96.27,18.49,6.28,82.65,95.96,97.02,84.76,43.97,34.98,86.03,95.07,82.63,94.0,31.96,85.25,13.55,80.62,89.29,10.03,82.91,96.17,79.54,65.19,40.23,5.44,95.1,74.07,88.75,9.95,40.17,95.84,66.49,97.73,40.1,98.04,97.57,65.21,9.5,75.2,39.59,89.56,96.92,68.85,93.77,75.05,72.91,98.5,98.59,94.81,90.02,35.95,3.14,99.49,8.75,97.54,51.03,85.66,89.39,77.55,11.86,88.59,77.92,2.0,97.83,75.06,97.81,61.45,97.03,94.17,88.3,92.93,18.35,37.85,75.45,95.24,97.33,96.69,96.44,96.88,17.19,96.96,93.87,94.8,49.79,99.11,56.21,84.74,62.13,59.05,99.16,90.72,66.21,99.11,94.66,22.48,93.36,98.67,78.24,12.43,99.98,60.44,91.66,53.94,33.6,94.91,37.89,49.09,94.53,69.04,98.53,53.55,95.04,23.77,98.2,44.92,84.12,96.9,98.7,84.14,95.14,87.03,83.81,87.8,74.07,62.79,94.19,84.38,98.71,3.83,49.01,99.59,96.39,26.86,51.47,60.93,77.45,96.47,54.49,53.07,99.17,3.22,28.89,15.09,4.67,91.21,98.97,98.35,98.33,95.96,78.2,6.99
97.01,93.21,53.66,96.27,18.49,6.28,82.65,95.96,97.02,84.76,43.97,34.98,86.03,95.07,82.63,94.0,31.96,85.25,13.55,80.62,89.29,10.03,82.91,96.17,79.54,65.19,40.23,5.44,95.1,74.07,88.75,9.95,40.17,95.84,66.49,97.73,40.1,98.04,97.57,65.21,9.5,75.2,39.59,89.56,96.92,68.85,93.77,75.05,72.91,98.5,98.59,94.81,90.02,35.95,3.14,99.49,8.75,97.54,51.03,85.66,89.39,77.55,11.86,88.59,77.92,2.0,97.83,75.06,97.81,61.45,97.03,94.17,88.3,92.93,18.35,37.85,75.45,95.24,97.33,96.69,96.44,96.88,17.19,96.96,93.87,94.8,49.79,99.11,56.21,84.74,62.13,59.05,99.16,90.72,66.21,99.11,94.66,22.48,93.36,98.67,78.24,12.43,99.98,60.44,91.66,53.94,33.6,94.91,37.89,49.09,94.53,69.04,98.53,53.55,95.04,23.77,98.2,44.92,84.12,96.9,98.7,84.14,95.14,87.03,83.81,87.8,74.07,62.79,94.19,84.38,98.71,3.83,49.01,99.59,96.39,26.86,51.47,60.93,77.45,96.47,54.49,53.07,99.17,3.22,28.89,15.09,4.67,91.21,98.97,98.35,98.33,95.96,78.2,6.99
56.12,65.87,76.84,78.91,51.68,33.22,65.63,35.98,81.75,30.64,45.62,72.99,68.04,82.41,76.36,58.56,53.4,80.27,69.27,39.73,53.07,25.36,58.3,83.41,78.79,67.16,46.72,53.68,77.59,73.26,88.19,26.9,69.04,67.62,34.82,76.34,52.82,75.27,83.99,51.45,42.29,41.72,56.7,74.66,76.6,74.36,74.41,32.53,75.05,91.81,64.81,72.96,66.33,48.46,39.95,92.58,20.45,78.33,50.86,32.19,40.43,87.79,59.7,68.15,80.23,26.24,88.03,61.26,74.22,95.54,92.33,81.12,55.95,70.45,20.86,24.6,76.31,95.11,19.79,92.47,82.17,38.95,34.26,84.4,77.37,47.9,43.7,77.3,55.1,83.65,72.97,80.63,87.36,81.75,75.96,77.03,84.24,59.61,63.89,90.37,71.91,34.34,54.85,50.39,62.32,59.92,55.09,82.08,22.53,35.61,84.61,34.57,81.1,92.9,63.93,17.58,78.23,68.14,81.42,81.07,90.16,67.63,59.33,77.47,22.55,71.82,69.47,36.75,81.15,38.75,91.83,51.09,17.61,72.04,65.75,38.2,30.96,28.26,39.43,62.95,26.62,47.47,87.2,20.5,24.95,2.32,30.62,78.88,78.2,39.68,89.54,93.33,92.13,5.65
56.55,65.91,77.17,79.02,50.63,32.94,66.29,36.44,81.6,30.51,45.74,73.26,67.61,82.65,76.51,58.89,54.25,79.7,68.93,38.06,52.31,24.91,58.4,83.82,78.95,66.61,47.06,53.04,77.74,72.31,88.56,27.47,68.14,67.48,34.6,76.46,53.21,75.07,84.46,51.64,40.76,41.06,57.7,75.18,76.85,74.61,74.69,32.17,74.33,91.76,65.36,73.3,66.32,48.8,39.86,92.7,19.62,77.86,51.54,32.25,41.04,87.63,60.13,68.71,80.82,26.06,87.98,60.83,74.61,95.55,92.35,81.07,56.19,70.07,20.68,24.41,76.49,95.08,19.26,92.48,82.4,39.7,33.76,84.2,77.36,47.35,43.03,77.82,55.67,84.04,72.86,80.82,87.43,82.01,75.57,76.92,84.08,60.93,63.67,90.34,71.76,34.67,54.7,50.07,62.64,60.68,55.49,82.48,22.31,35.62,84.25,34.19,81.39,92.84,64.23,17.51,77.82,68.8,81.83,81.17,90.29,66.85,59.21,77.64,22.72,72.45,69.63,36.84,81.29,38.63,91.78,50.19,18.42,71.72,65.7,38.25,30.4,27.72,40.42,62.45,26.81,48.4,87.38,21.52,24.26,2.3,30.78,79.3,78.44,38.82,89.68,93.3,92.07,5.78
56.55,65.91,77.17,79.02,50.63,32.94,66.29,36.44,81.6,30.51,45.74,73.26,67.61,82.65,76.51,58.89,54.25,79.7,68.93,38.06,52.31,24.91,58.4,83.82,78.95,66.61,47.06,53.04,77.74,72.31,88.56,27.47,68.14,67.48,34.6,76.46,53.21,75.07,84.46,51.64,40.76,41.06,57.7,75.18,76.85,74.61,74.69,32.17,74.33,91.76,65.36,73.3,66.32,48.8,39.86,92.7,19.62,77.86,51.54,32.25,41.04,87.63,60.13,68.71,80.82,26.06,87.98,60.83,74.61,95.55,92.35,81.07,56.19,70.07,20.68,24.41,76.49,95.08,19.26,92.48,82.4,39.7,33.76,84.2,77.36,47.35,43.03,77.82,55.67,84.04,72.86,80.82,87.43,82.01,75.57,76.92,84.08,60.93,63.67,90.34,71.76,34.67,54.7,50.07,62.64,60.68,55.49,82.48,22.31,35.62,84.25,34.19,81.39,92.84,64.23,17.51,77.82,68.8,81.83,81.17,90.29,66.85,59.21,77.64,22.72,72.45,69.63,36.84,81.29,38.63,91.78,50.19,18.42,71.72,65.7,38.25,30.4,27.72,40.42,62.45,26.81,48.4,87.38,21.52,24.26,2.3,30.78,79.3,78.44,38.82,89.68,93.3,92.07,5.78
56.12,65.87,76.84,78.91,51.68,33.22,65.63,35.98,81.75,30.64,45.62,72.99,68.04,82.41,76.36,58.56,53.4,80.27,69.27,39.73,53.07,25.36,58.3,83.41,78.79,67.16,46.72,53.68,77.59,73.26,88.19,26.9,69.04,67.62,34.82,76.34,52.82,75.27,83.99,51.45,42.29,41.72,56.7,74.66,76.6,74.36,74.41,32.53,75.05,91.81,64.81,72.96,66.33,48.46,39.95,92.58,20.45,78.33,50.86,32.19,40.43,87.79,59.7,68.15,80.23,26.24,88.03,61.26,74.22,95.54,92.33,81.12,55.95,70.45,20.86,24.6,76.31,95.11,19.79,92.47,82.17,38.95,34.26,84.4,77.37,47.9,43.7,77.3,55.1,83.65,72.97,80.63,87.36,81.75,75.96,77.03,84.24,59.61,63.89,90.37,71.91,34.34,54.85,50.39,62.32,59.92,55.09,82.08,22.53,35.61,84.61,34.57,81.1,92.9,63.93,17.58,78.23,68.14,81.42,81.07,90.16,67.63,59.33,77.47,22.55,71.82,69.47,36.75,81.15,38.75,91.83,51.09,17.61,72.04,65.75,38.2,30.96,28.26,39.43,62.95,26.62,47.47,87.2,20.5,24.95,2.32,30.62,78.88,78.2,39.68,89.54,93.33,92.13,5.65
56.12,65.87,76.84,78.91,51.68,33.22,65.63,35.98,81.75,30.64,45.62,72.99,68.04,82.41,76.36,58.56,53.4,80.27,69.27,39.73,53.07,25.36,58.3,83.41,78.79,67.16,46.72,53.68,77.59,73.26,88.19,26.9,69.04,67.62,34.82,76.34,52.82,75.27,83.99,51.45,42.29,41.72,56.7,74.66,76.6,74.36,74.41,32.53,75.05,91.81,64.81,72.96,66.33,48.46,39.95,92.58,20.45,78.33,50.86,32.19,40.43,87.79,59.7,68.15,80.23,26.24,88.03,61.26,74.22,95.54,92.33,81.12,55.95,70.45,20.86,24.6,76.31,95.11,19.79,92.47,82.17,38.95,34.26,84.4,77.37,47.9,43.7,77.3,55.1,83.65,72.97,80.63,87.36,81.75,75.96,77.03,84.24,59.61,63.89,90.37,71.91,34.34,54.85,50.39,62.32,59.92,55.09,82.08,22.53,35.61,84.61,34.57,81.1,92.9,63.93,17.58,78.23,68.14,81.42,81.07,90.16,67.63,59.33,77.47,22.55,71.82,69.47,36.75,81.15,38.75,91.83,51.09,17.61,72.04,65.75,38.2,30.96,28.26,39.43,62.95,26.62,47.47,87.2,20.5,24.95,2.32,30.62,78.88,78.2,39.68,89.54,93.33,92.13,5.65
95.31,60.4,70.22,81.05,23.48,59.39,82.09,81.25,90.86,83.04,37.26,64.27,83.3,88.4,73.02,80.23,37.96,87.51,29.14,66.81,77.78,29.67,70.12,91.8,70.05,64.57,46.17,24.57,88.12,78.91,78.55,21.83,27.23,84.32,59.1,87.17,27.68,95.39,92.51,56.45,19.32,73.22,58.51,82.04,89.58,65.53,80.8,62.84,68.39,96.57,27.21,87.98,68.04,43.54,11.46,98.45,18.62,90.18,66.09,84.6,72.97,82.83,27.86,77.92,73.04,11.54,93.93,56.64,91.81,66.68,97.48,81.04,88.06,83.21,25.32,66.61,78.74,97.08,88.92,89.4,90.74,83.66,29.37,90.57,86.93,91.53,66.75,94.93,66.06,82.24,70.72,59.51,95.17,90.27,77.11,85.35,92.01,53.99,83.18,96.07,79.31,25.59,75.0,71.2,73.43,74.11,35.19,83.03,44.97,63.78,81.42,44.5,94.75,56.44,91.98,29.44,90.53,55.73,69.93,90.6,95.55,77.48,83.12,78.17,72.47,80.96,72.61,55.75,85.52,70.96,96.44,21.62,53.86,99.18,86.48,27.44,64.15,44.09,52.69,63.05,38.42,51.02,96.18,32.42,29.3,14.09,19.13,77.04,95.78,68.41,92.95,92.51,87.02,10.85
95.19,60.99,70.05,81.33,23.53,59.47,82.01,81.59,90.97,83.1,37.0,63.23,83.43,88.51,73.14,80.5,37.69,87.57,28.83,66.92,77.86,29.56,70.98,91.9,70.16,64.61,46.3,24.31,88.23,78.76,78.75,21.81,27.85,84.44,59.24,87.4,27.56,95.41,92.61,56.78,19.18,73.31,57.52,82.09,89.74,65.38,80.96,63.1,68.34,96.59,27.48,88.0,68.23,43.61,11.24,98.48,18.48,90.34,65.98,84.69,73.18,83.05,27.84,77.97,73.04,11.38,93.99,56.39,91.91,66.69,97.52,81.2,88.12,83.35,25.46,66.57,78.71,97.05,89.14,89.47,90.83,84.06,29.31,90.68,87.05,91.6,66.79,95.03,66.04,82.22,70.51,59.37,95.27,90.29,76.47,85.61,91.99,53.82,83.3,96.1,79.17,25.59,75.25,71.22,73.72,73.4,35.38,83.19,44.95,63.93,81.57,44.86,94.83,55.87,92.03,29.21,90.69,55.67,70.03,90.74,95.63,77.49,83.32,78.25,73.26,81.14,72.72,55.98,85.55,71.13,96.47,21.3,54.43,99.22,86.59,27.21,64.31,44.53,53.02,63.37,38.6,51.25,96.25,32.52,30.33,14.36,18.78,77.25,95.87,68.84,93.04,92.57,87.13,10.92
95.01,60.49,70.11,81.78,23.64,58.84,82.25,82.14,90.95,83.5,36.11,62.04,83.51,88.89,73.34,80.93,38.44,87.65,28.54,67.43,78.38,29.93,72.4,92.21,71.0,65.22,47.41,24.19,88.28,78.99,79.69,21.9,28.98,84.56,60.68,87.68,26.8,95.7,92.84,55.76,18.64,73.58,56.22,82.41,90.0,64.98,81.02,64.5,67.91,96.64,28.54,87.84,68.54,42.74,10.55,98.54,17.89,90.59,66.87,84.8,73.88,82.6,27.7,77.56,72.98,11.17,94.13,56.64,91.9,66.72,97.59,81.53,88.5,83.79,25.62,67.22,78.39,97.17,89.6,89.65,90.8,84.4,29.24,91.05,87.36,91.73,67.39,95.21,66.84,82.37,70.74,58.9,95.42,90.58,75.35,86.05,92.09,53.8,83.22,96.16,79.86,25.98,75.18,72.12,74.2,72.28,34.16,83.52,44.9,64.19,81.8,44.8,95.02,55.44,92.08,29.63,91.03,56.49,70.07,90.89,95.71,77.7,83.47,78.86,75.12,81.73,72.4,56.08,85.95,72.57,96.47,20.55,55.19,99.29,86.57,27.63,64.87,44.26,53.48,64.0,37.77,52.8,96.38,32.51,30.91,14.37,17.88,77.49,95.95,70.19,93.26,92.62,86.76,11.02
95.12,59.88,70.49,81.21,23.52,58.51,82.42,81.58,90.84,83.1,37.24,63.74,83.11,88.77,73.11,80.55,38.39,87.62,29.33,67.36,78.55,29.72,71.0,92.13,70.64,64.41,46.53,24.44,88.15,79.26,79.37,21.84,28.28,84.38,59.81,87.28,27.82,95.52,92.71,55.5,18.9,73.4,57.85,82.31,90.0,65.59,80.77,63.62,67.76,96.63,28.04,88.03,68.43,42.69,11.07,98.49,18.11,90.36,66.61,84.75,73.22,82.49,27.22,77.73,72.92,11.48,94.08,57.54,91.87,67.07,97.56,81.45,88.47,83.79,24.96,66.69,78.48,97.28,89.16,89.58,90.87,83.8,29.4,90.93,87.11,91.61,67.03,95.06,66.48,82.56,71.08,59.11,95.24,90.56,76.11,85.85,92.18,54.18,83.0,96.15,80.14,25.48,75.18,71.48,73.67,73.61,34.19,83.19,44.95,63.8,81.68,44.53,94.88,57.37,92.04,30.15,90.76,56.19,69.79,90.65,95.63,77.41,83.11,78.72,73.51,81.51,72.04,55.78,85.92,71.84,96.45,21.1,53.56,99.2,86.52,28.01,64.11,43.65,53.14,63.24,37.79,52.47,96.27,31.94,29.28,13.54,18.65,77.24,95.87,69.5,93.14,92.75,86.89,10.6
95.2,60.84,70.29,81.03,23.6,59.15,81.92,81.27,90.89,82.86,37.32,63.94,83.0,88.4,72.86,80.19,37.95,87.37,29.41,66.79,77.88,29.4,70.19,91.81,69.95,64.09,46.05,24.49,88.06,79.0,78.55,21.83,27.48,84.42,58.92,87.16,27.98,95.3,92.51,56.51,19.32,72.98,58.19,82.06,89.72,65.46,80.91,62.73,68.04,96.58,27.38,88.02,68.17,43.38,11.47,98.44,18.67,90.22,65.91,84.42,72.99,82.81,27.72,78.04,72.92,11.53,93.94,56.66,91.86,66.49,97.47,81.11,88.08,83.34,25.04,66.08,78.42,97.04,88.91,89.43,90.81,83.68,29.34,90.62,87.0,91.41,66.41,94.94,65.97,82.28,70.61,59.42,95.16,90.24,76.71,85.57,92.04,54.15,83.13,96.09,79.16,25.5,75.0,70.96,73.35,73.87,35.33,82.98,45.07,63.73,81.49,44.67,94.75,56.67,91.91,29.62,90.53,55.65,69.88,90.55,95.56,77.5,83.04,78.22,72.42,81.01,72.33,55.96,85.54,70.85,96.43,21.53,54.02,99.17,86.5,27.69,63.85,44.15,53.04,63.17,38.59,50.75,96.19,32.63,29.43,14.09,19.05,77.01,95.8,68.59,92.97,92.54,87.01,10.84
95.61,54.24,69.47,82.12,20.96,56.88,84.59,82.72,90.71,85.57,33.93,63.03,78.49,89.82,72.41,81.21,37.15,89.52,34.77,68.93,76.91,26.41,74.58,92.58,73.22,66.93,48.56,23.23,88.19,79.4,82.58,22.21,28.1,85.44,62.17,88.55,27.33,96.0,93.18,55.51,16.2,73.62,59.01,83.66,91.21,64.78,80.3,60.15,69.24,96.93,31.42,88.16,69.14,41.39,9.91,98.67,16.51,90.59,73.66,83.52,76.03,84.34,26.9,76.72,75.9,9.72,95.13,58.66,92.42,67.73,98.16,82.62,89.38,85.36,21.28,61.83,79.68,97.77,89.61,91.45,91.28,82.49,27.96,92.47,89.98,91.83,63.2,95.67,63.57,81.95,64.02,56.51,95.85,90.88,76.42,85.28,93.54,51.98,82.61,96.79,79.54,24.35,76.17,71.75,75.47,70.77,35.78,85.34,39.28,63.31,82.39,40.97,95.0,63.17,92.19,30.75,91.79,59.55,74.61,91.46,95.8,79.6,84.51,80.9,77.16,81.31,69.25,49.4,88.05,73.2,96.65,26.85,57.7,99.21,87.49,29.55,57.59,39.04,46.14,65.94,36.56,53.42,96.47,31.06,29.19,11.87,15.1,78.7,96.24,73.91,94.31,93.57,88.47,10.46
95.61,54.24,69.47,82.12,20.96,56.88,84.59,82.72,90.71,85.57,33.93,63.03,78.49,89.82,72.41,81.21,37.15,89.52,34.77,68.93,76.91,26.41,74.58,92.58,73.22,66.93,48.56,23.23,88.19,79.4,82.58,22.21,28.1,85.44,62.17,88.55,27.33,96.0,93.18,55.51,16.2,73.62,59.01,83.66,91.21,64.78,80.3,60.15,69.24,96.93,31.42,88.16,69.14,41.39,9.91,98.67,16.51,90.59,73.66,83.52,76.03,84.34,26.9,76.72,75.9,9.72,95.13,58.66,92.42,67.73,98.16,82.62,89.38,85.36,21.28,61.83,79.68,97.77,89.61,91.45,91.28,82.49,27.96,92.47,89.98,91.83,63.2,95.67,63.57,81.95,64.02,56.51,95.85,90.88,76.42,85.28,93.54,51.98,82.61,96.79,79.54,24.35,76.17,71.75,75.47,70.77,35.78,85.34,39.28,63.31,82.39,40.97,95.0,63.17,92.19,30.75,91.79,59.55,74.61,91.46,95.8,79.6,84.51,80.9,77.16,81.31,69.25,49.4,88.05,73.2,96.65,26.85,57.7,99.21,87.49,29.55,57.59,39.04,46.14,65.94,36.56,53.42,96.47,31.06,29.19,11.87,15.1,78.7,96.24,73.91,94.31,93.57,88.47,10.46
89.64,39.79,56.75,78.83,18.83,65.94,85.48,82.36,82.38,83.78,29.78,44.42,65.65,87.68,72.37,82.12,23.79,92.75,60.22,65.11,59.49,25.46,84.73,88.25,76.63,73.42,52.96,24.77,84.1,54.79,87.02,33.16,45.03,75.3,63.37,87.08,39.39,88.96,88.09,64.47,14.32,77.47,54.23,78.65,88.54,65.2,63.95,44.99,70.63,91.32,41.51,77.18,66.85,56.18,11.34,96.59,16.49,83.65,78.37,81.01,71.87,90.51,36.03,58.29,80.46,13.3,93.19,50.16,87.14,80.5,97.91,81.8,86.45,84.68,28.83,44.15,82.44,94.81,82.71,89.48,86.37,80.05,31.15,90.77,87.22,89.44,55.43,91.46,42.37,67.99,32.01,43.67,92.84,84.36,61.75,68.73,88.07,42.07,75.44,90.93,72.74,25.59,74.91,58.65,80.59,51.72,57.08,85.81,20.69,58.02,78.06,39.72,87.35,70.41,88.1,28.33,86.79,65.22,81.53,90.41,91.37,67.96,84.87,78.91,84.65,76.69,63.71,30.3,81.66,67.78,91.02,51.07,66.82,96.85,81.44,26.51,38.55,39.88,28.97,55.97,39.76,53.51,89.81,23.69,63.18,21.48,13.89,82.41,92.51,74.44,91.3,91.84,92.58,20.33
89.64,39.79,56.75,78.83,18.83,65.94,85.48,82.36,82.38,83.78,29.78,44.42,65.65,87.68,72.37,82.12,23.79,92.75,60.22,65.11,59.49,25.46,84.73,88.25,76.63,73.42,52.96,24.77,84.1,54.79,87.02,33.16,45.03,75.3,63.37,87.08,39.39,88.96,88.09,64.47,14.32,77.47,54.23,78.65,88.54,65.2,63.95,44.99,70.63,91.32,41.51,77.18,66.85,56.18,11.34,96.59,16.49,83.65,78.37,81.01,71.87,90.51,36.03,58.29,80.46,13.3,93.19,50.16,87.14,80.5,97.91,81.8,86.45,84.68,28.83,44.15,82.44,94.81,82.71,89.48,86.37,80.05,31.15,90.77,87.22,89.44,55.43,91.46,42.37,67.99,32.01,43.67,92.84,84.36,61.75,68.73,88.07,42.07,75.44,90.93,72.74,25.59,74.91,58.65,80.59,51.72,57.08,85.81,20.69,58.02,78.06,39.72,87.35,70.41,88.1,28.33,86.79,65.22,81.53,90.41,91.37,67.96,84.87,78.91,84.65,76.69,63.71,30.3,81.66,67.78,91.02,51.07,66.82,96.85,81.44,26.51,38.55,39.88,28.97,55.97,39.76,53.51,89.81,23.69,63.18,21.48,13.89,82.41,92.51,74.44,91.3,91.84,92.58,20.33
88.1,38.76,56.54,78.5,19.14,65.8,85.04,82.29,81.49,83.18,30.85,42.76,64.92,87.56,72.67,82.31,23.4,92.74,61.08,64.76,59.14,25.95,85.26,88.12,76.96,72.77,52.62,24.94,83.79,52.75,87.3,33.77,47.89,74.17,63.04,86.74,41.16,87.87,87.7,64.41,14.45,77.82,52.88,78.17,88.37,65.68,62.78,44.82,70.24,90.58,42.62,76.36,67.09,56.88,11.87,96.29,16.33,83.05,78.13,81.24,71.21,90.37,35.7,57.21,80.29,14.01,92.83,51.04,86.51,81.45,97.79,81.81,86.27,84.69,29.59,43.73,82.43,94.7,82.18,89.02,85.95,79.61,31.71,90.55,86.42,89.29,55.42,90.95,41.47,67.69,31.43,43.51,92.37,84.06,59.05,67.63,87.33,42.12,74.71,90.08,72.79,25.6,74.78,57.39,80.77,50.13,57.51,85.57,20.32,57.13,77.78,39.96,86.71,71.17,87.8,28.59,86.31,64.78,81.25,90.1,90.92,66.46,84.59,78.76,85.16,76.85,63.51,29.7,81.16,67.31,90.23,51.59,65.51,96.52,80.81,26.41,38.04,39.91,28.81,54.73,40.12,55.49,89.08,23.13,65.34,21.66,14.64,82.55,92.06,74.15,90.87,91.72,92.48,20.66
100.0,98.73,18.04,99.4,22.12,0.0,100.0,98.01,99.93,96.86,1.54,100.0,100.0,99.33,73.82,92.08,89.87,88.36,10.41,99.35,99.83,17.77,0.04,99.27,59.19,100.0,85.97,4.15,99.31,99.99,73.74,5.33,0.0,99.86,99.43,99.91,0.14,100.0,99.94,4.0,1.91,17.07,100.0,98.58,92.12,67.0,95.96,96.75,56.46,100.0,100.0,99.28,40.55,2.14,0.0,100.0,10.95,99.94,97.65,66.01,99.2,16.35,63.99,75.53,53.87,0.01,99.97,4.26,99.94,23.82,99.14,96.57,89.16,91.75,26.0,99.96,77.32,8.21,99.88,99.95,99.53,99.97,7.49,99.81,99.95,99.41,99.61,100.0,96.87,35.01,99.28,0.16,100.0,98.33,100.0,99.99,99.89,2.52,98.68,100.0,100.0,10.95,100.0,99.82,92.08,100.0,0.06,99.25,45.57,99.62,98.75,79.49,99.99,21.93,99.52,93.89,99.99,99.15,91.18,99.87,99.99,98.78,99.44,96.74,0.98,87.27,19.83,51.63,99.73,99.92,99.99,10.86,90.09,100.0,99.83,73.34,92.79,61.46,47.59,99.99,0.32,0.0,100.0,0.0,0.0,51.24,0.0,83.95,100.0,100.0,99.99,97.2,18.26,4.55
100.0,98.73,18.04,99.4,22.12,0.0,100.0,98.01,99.93,96.86,1.54,100.0,100.0,99.33,73.82,92.08,89.87,88.36,10.41,99.35,99.83,17.77,0.04,99.27,59.19,100.0,85.97,4.15,99.31,99.99,73.74,5.33,0.0,99.86,99.43,99.91,0.14,100.0,99.94,4.0,1.91,17.07,100.0,98.58,92.12,67.0,95.96,96.75,56.46,100.0,100.0,99.28,40.55,2.14,0.0,100.0,10.95,99.94,97.65,66.01,99.2,16.35,63.99,75.53,53.87,0.01,99.97,4.26,99.94,23.82,99.14,96.57,89.16,91.75,26.0,99.96,77.32,8.21,99.88,99.95,99.53,99.97,7.49,99.81,99.95,99.41,99.61,100.0,96.87,35.01,99.28,0.16,100.0,98.33,100.0,99.99,99.89,2.52,98.68,100.0,100.0,10.95,100.0,99.82,92.08,100.0,0.06,99.25,45.57,99.62,98.75,79.49,99.99,21.93,99.52,93.89,99.99,99.15,91.18,99.87,99.99,98.78,99.44,96.74,0.98,87.27,19.83,51.63,99.73,99.92,99.99,10.86,90.09,100.0,99.83,73.34,92.79,61.46,47.59,99.99,0.32,0.0,100.0,0.0,0.0,51.24,0.0,83.95,100.0,100.0,99.99,97.2,18.26,4.55
100.0,98.73,18.04,99.4,22.12,0.0,100.0,98.01,99.93,96.86,1.54,100.0,100.0,99.33,73.82,92.08,89.87,88.36,10.41,99.35,99.83,17.77,0.04,99.27,59.19,100.0,85.97,4.15,99.31,99.99,73.74,5.33,0.0,99.86,99.43,99.91,0.14,100.0,99.94,4.0,1.91,17.07,100.0,98.58,92.12,67.0,95.96,96.75,56.46,100.0,100.0,99.28,40.55,2.14,0.0,100.0,10.95,99.94,97.65,66.01,99.2,16.35,63.99,75.53,53.87,0.01,99.97,4.26,99.94,23.82,99.14,96.57,89.16,91.75,26.0,99.96,77.32,8.21,99.88,99.95,99.53,99.97,7.49,99.81,99.95,99.41,99.61,100.0,96.87,35.01,99.28,0.16,100.0,98.33,100.0,99.99,99.89,2.52,98.68,100.0,100.0,10.95,100.0,99.82,92.08,100.0,0.06,99.25,45.57,99.62,98.75,79.49,99.99,21.93,99.52,93.89,99.99,99.15,91.18,99.87,99.99,98.78,99.44,96.74,0.98,87.27,19.83,51.63,99.73,99.92,99.99,10.86,90.09,100.0,99.83,73.34,92.79,61.46,47.59,99.99,0.32,0.0,100.0,0.0,0.0,51.24,0.0,83.95,100.0,100.0,99.99,97.2,18.26,4.55
100.0,99.52,11.28,99.64,23.68,0.0,100.0,98.56,99.97,97.51,0.59,100.0,100.0,99.59,71.34,92.82,92.6,89.84,6.04,99.78,99.94,18.27,0.01,99.56,53.38,100.0,92.07,3.44,99.58,100.0,72.16,4.76,0.0,99.93,99.82,99.96,0.04,100.0,99.97,2.66,1.36,10.61,100.0,99.01,93.35,62.26,96.44,98.38,53.49,100.0,100.0,99.54,31.72,1.21,0.0,100.0,10.66,99.97,98.26,61.26,99.48,16.63,69.38,71.77,50.42,0.0,99.99,2.7,99.98,16.92,99.45,97.3,89.9,92.81,27.55,99.99,77.51,7.24,99.94,99.98,99.73,99.99,6.94,99.91,99.98,99.65,99.88,100.0,98.41,26.5,99.65,0.04,100.0,98.84,100.0,100.0,99.95,1.05,99.13,100.0,100.0,10.76,100.0,99.95,93.12,100.0,0.03,99.56,47.58,99.89,99.15,86.77,100.0,16.93,99.72,95.55,100.0,99.73,92.96,99.95,100.0,99.14,99.7,97.48,0.36,87.53,14.47,57.54,99.86,99.98,100.0,6.39,93.91,100.0,99.91,75.97,96.21,68.84,51.61,100.0,0.1,0.0,100.0,0.0,0.0,47.28,0.0,84.46,100.0,100.0,100.0,97.89,16.05,3.41
100.0,99.52,11.28,99.64,23.68,0.0,100.0,98.56,99.97,97.51,0.59,100.0,100.0,99.59,71.34,92.82,92.6,89.84,6.04,99.78,99.94,18.27,0.01,99.56,53.38,100.0,92.07,3.44,99.58,100.0,72.16,4.76,0.0,99.93,99.82,99.96,0.04,100.0,99.97,2.66,1.36,10.61,100.0,99.01,93.35,62.26,96.44,98.38,53.49,100.0,100.0,99.54,31.72,1.21,0.0,100.0,10.66,99.97,98.26,61.26,99.48,16.63,69.38,71.77,50.42,0.0,99.99,2.7,99.98,16.92,99.45,97.3,89.9,92.81,27.55,99.99,77.51,7.24,99.94,99.98,99.73,99.99,6.94,99.91,99.98,99.65,99.88,100.0,98.41,26.5,99.65,0.04,100.0,98.84,100.0,100.0,99.95,1.05,99.13,100.0,100.0,10.76,100.0,99.95,93.12,100.0,0.03,99.56,47.58,99.89,99.15,86.77,100.0,16.93,99.72,95.55,100.0,99.73,92.96,99.95,100.0,99.14,99.7,97.48,0.36,87.53,14.47,57.54,99.86,99.98,100.0,6.39,93.91,100.0,99.91,75.97,96.21,68.84,51.61,100.0,0.1,0.0,100.0,0.0,0.0,47.28,0.0,84.46,100.0,100.0,100.0,97.89,16.05,3.41
80.58,50.36,51.8,89.93,41.01,28.06,69.78,82.01,94.24,72.66,58.27,38.85,79.14,95.68,69.78,85.61,51.08,82.01,45.32,51.8,85.61,20.86,86.33,82.73,74.82,71.22,20.86,22.3,72.66,70.5,76.26,26.62,37.41,89.93,65.47,97.12,51.08,72.66,90.65,48.92,12.95,58.99,28.06,80.58,77.7,66.19,94.24,61.15,82.73,99.28,45.32,87.77,79.86,34.53,39.57,100.0,14.39,96.4,51.08,71.94,91.37,51.8,50.36,81.29,75.54,1.44,92.81,63.31,96.4,66.19,88.49,92.09,79.86,89.93,46.04,58.99,89.21,95.68,95.68,97.12,74.82,89.21,20.86,85.61,94.96,82.73,82.73,99.28,72.66,68.35,65.47,46.04,98.56,84.89,67.63,74.1,89.21,62.59,77.7,97.84,64.03,52.52,81.29,61.15,73.38,51.08,28.78,82.01,48.2,47.48,89.93,59.71,99.28,51.8,77.7,50.36,98.56,41.01,66.19,92.81,98.56,88.49,76.98,74.82,88.49,81.29,78.42,57.55,69.78,71.94,97.84,55.4,28.06,99.28,84.89,28.78,32.37,53.24,51.08,66.91,33.09,86.33,99.28,41.73,43.88,15.83,30.94,84.17,100.0,80.58,100.0,74.1,85.61,14.39
80.43,50.0,51.45,89.86,40.58,28.26,69.57,81.88,94.93,73.19,57.97,39.13,78.99,95.65,69.57,85.51,50.72,82.61,45.65,51.45,85.51,20.29,86.23,82.61,75.36,71.01,21.01,22.46,72.46,70.29,76.09,26.81,37.68,89.86,65.94,97.83,50.72,72.46,90.58,49.28,13.04,59.42,28.26,80.43,77.54,66.67,94.2,60.87,82.61,99.28,44.93,87.68,79.71,34.06,39.86,100.0,14.49,96.38,50.72,71.74,91.3,52.17,50.72,81.16,75.36,1.45,92.75,63.04,96.38,66.67,88.41,92.03,79.71,89.86,45.65,58.7,89.13,95.65,95.65,97.1,74.64,89.13,21.01,85.51,94.93,82.61,82.61,99.28,72.46,68.12,65.22,45.65,98.55,85.51,68.12,74.64,89.13,62.32,77.54,97.83,64.49,52.9,81.16,61.59,73.91,51.45,28.26,81.88,47.83,47.1,89.86,59.42,99.28,51.45,77.54,50.0,98.55,41.3,66.67,92.75,98.55,89.13,76.81,74.64,88.41,81.16,78.26,57.25,69.57,71.74,97.83,55.8,28.26,99.28,84.78,28.99,31.88,52.9,50.72,66.67,33.33,86.23,99.28,42.03,43.48,15.94,30.43,84.06,100.0,81.16,100.0,74.64,85.51,14.49
80.29,50.36,51.82,89.78,40.15,28.47,70.07,81.75,94.89,73.72,57.66,39.42,79.56,95.62,70.07,86.13,50.36,82.48,45.99,51.82,85.4,20.44,86.13,82.48,75.18,71.53,21.17,22.63,72.26,70.07,75.91,27.01,37.23,89.78,65.69,97.81,50.36,72.26,90.51,49.64,12.41,59.85,28.47,80.29,77.37,66.42,94.16,60.58,82.48,99.27,44.53,87.59,79.56,34.31,39.42,100.0,14.6,96.35,51.09,71.53,91.24,52.55,50.36,81.02,75.18,0.73,92.7,63.5,96.35,66.42,88.32,91.97,79.56,89.78,45.99,58.39,89.05,95.62,95.62,97.08,74.45,89.05,21.17,85.4,94.89,82.48,83.21,99.27,72.26,67.88,65.69,45.26,98.54,86.13,68.61,74.45,89.05,62.04,77.37,97.81,64.23,52.55,81.02,62.04,73.72,51.82,28.47,81.75,47.45,47.45,89.78,59.12,99.27,51.09,77.37,50.36,98.54,41.61,66.42,92.7,98.54,89.05,76.64,74.45,88.32,81.02,78.83,57.66,70.07,71.53,97.81,55.47,28.47,99.27,84.67,29.2,32.12,52.55,51.09,67.15,33.58,86.13,99.27,41.61,43.07,15.33,30.66,84.67,100.0,81.02,100.0,74.45,85.4,14.6
80.15,50.0,51.47,89.71,40.44,28.68,69.85,82.35,94.85,73.53,57.35,39.71,79.41,95.59,70.59,86.76,50.0,83.09,46.32,51.47,85.29,20.59,86.03,82.35,75.0,71.32,21.32,22.79,72.06,70.59,76.47,27.21,37.5,89.71,66.18,97.79,50.0,72.06,90.44,49.26,12.5,60.29,27.94,80.88,77.94,66.18,94.12,60.29,82.35,99.26,44.12,87.5,79.41,34.56,39.71,100.0,14.71,96.32,51.47,71.32,91.18,52.21,50.74,81.62,75.0,0.74,92.65,63.24,96.32,66.18,88.97,91.91,80.15,89.71,45.59,58.09,89.71,95.59,95.59,97.06,74.26,88.97,21.32,85.29,94.85,82.35,83.09,99.26,72.06,67.65,65.44,45.59,98.53,86.76,68.38,74.26,88.97,62.5,77.21,97.79,63.97,52.94,80.88,62.5,74.26,52.21,27.94,81.62,47.79,47.79,89.71,59.56,99.26,50.74,77.21,50.0,98.53,41.91,66.91,93.38,98.53,88.97,76.47,75.0,88.24,80.88,78.68,58.09,69.85,72.06,97.79,55.88,27.94,99.26,84.56,29.41,32.35,52.94,50.74,66.91,33.09,86.03,99.26,41.91,42.65,15.44,30.88,85.29,100.0,80.88,100.0,74.26,85.29,14.71
78.95,46.05,46.05,88.16,46.05,28.95,65.79,81.58,96.05,76.32,53.95,40.79,75.0,96.05,69.74,86.84,47.37,80.26,42.11,56.58,85.53,21.05,85.53,81.58,80.26,71.05,22.37,23.68,71.05,72.37,82.89,21.05,35.53,89.47,64.47,96.05,46.05,71.05,93.42,43.42,9.21,60.53,28.95,77.63,81.58,63.16,94.74,60.53,77.63,98.68,50.0,92.11,77.63,35.53,38.16,100.0,14.47,93.42,55.26,67.11,92.11,51.32,56.58,86.84,75.0,1.32,90.79,61.84,96.05,63.16,90.79,89.47,81.58,93.42,44.74,55.26,88.16,96.05,94.74,97.37,75.0,89.47,22.37,88.16,94.74,84.21,80.26,100.0,63.16,65.79,63.16,51.32,98.68,85.53,68.42,71.05,89.47,68.42,78.95,97.37,60.53,55.26,82.89,65.79,76.32,52.63,25.0,78.95,50.0,46.05,89.47,60.53,100.0,51.32,76.32,51.32,98.68,38.16,71.05,94.74,97.37,88.16,76.32,75.0,88.16,78.95,71.05,57.89,72.37,71.05,98.68,44.74,26.32,98.68,88.16,35.53,28.95,57.89,55.26,67.11,36.84,86.84,98.68,39.47,44.74,18.42,35.53,82.89,100.0,81.58,100.0,75.0,81.58,15.79
83.33,38.6,44.74,89.47,32.46,35.09,61.4,90.35,87.72,73.68,61.4,57.02,59.65,89.47,80.7,78.95,35.96,84.21,45.61,52.63,78.07,20.18,83.33,80.7,78.95,65.79,35.96,19.3,73.68,61.4,86.84,26.32,32.46,92.98,57.02,90.35,44.74,80.7,96.49,64.04,14.04,66.67,47.37,80.7,74.56,69.3,91.23,51.75,67.54,97.37,51.75,78.95,81.58,26.32,37.72,100.0,13.16,97.37,56.14,71.05,76.32,62.28,51.75,76.32,67.54,2.63,90.35,62.28,88.6,73.68,77.19,85.96,72.81,88.6,28.07,51.75,75.44,83.33,92.11,94.74,58.77,78.95,21.05,92.98,92.11,69.3,53.51,98.25,59.65,65.79,59.65,64.91,99.12,85.09,84.21,79.82,85.96,51.75,68.42,96.49,69.3,50.88,57.89,59.65,73.68,60.53,44.74,78.95,42.11,40.35,84.21,55.26,95.61,54.39,71.05,50.0,100.0,36.84,59.65,93.86,100.0,86.84,77.19,73.68,79.82,77.19,73.68,64.04,65.79,61.4,92.98,58.77,21.93,100.0,81.58,34.21,19.3,53.51,54.39,50.0,25.44,82.46,100.0,44.74,33.33,25.44,29.82,72.81,100.0,66.67,99.12,65.79,83.33,17.54
83.33,40.0,44.17,90.0,31.67,35.0,59.17,90.0,87.5,74.17,61.67,57.5,59.17,90.0,79.17,80.0,35.83,83.33,46.67,51.67,77.5,20.0,83.33,80.83,78.33,64.17,37.5,20.0,75.0,61.67,86.67,25.0,33.33,93.33,58.33,90.83,45.0,81.67,96.67,65.0,15.0,66.67,49.17,80.83,75.83,70.83,91.67,50.83,69.17,97.5,51.67,80.0,82.5,27.5,37.5,100.0,13.33,97.5,53.33,71.67,77.5,62.5,50.83,77.5,69.17,2.5,90.0,62.5,88.33,71.67,78.33,86.67,73.33,89.17,28.33,50.0,75.0,82.5,91.67,93.33,60.0,80.0,20.83,93.33,92.5,68.33,52.5,98.33,59.17,66.67,58.33,65.83,99.17,85.0,85.0,79.17,84.17,51.67,68.33,96.67,70.0,50.0,55.0,60.0,74.17,61.67,45.0,79.17,42.5,40.83,85.0,55.0,95.0,53.33,71.67,48.33,99.17,36.67,57.5,94.17,100.0,87.5,75.83,71.67,79.17,76.67,75.0,64.17,66.67,61.67,92.5,60.0,22.5,100.0,82.5,33.33,19.17,52.5,53.33,50.83,24.17,81.67,100.0,45.0,31.67,24.17,30.0,73.33,100.0,65.83,99.17,64.17,84.17,16.67
84.55,38.18,42.73,89.09,33.64,36.36,60.91,90.0,87.27,74.55,60.91,59.09,60.91,89.09,80.91,79.09,35.45,83.64,45.45,53.64,78.18,20.91,82.73,80.91,79.09,66.36,36.36,20.0,72.73,61.82,88.18,27.27,31.82,92.73,56.36,90.0,44.55,80.91,96.36,64.55,14.55,67.27,48.18,80.0,76.36,69.09,90.91,52.73,66.36,97.27,51.82,78.18,80.91,26.36,38.18,100.0,13.64,97.27,56.36,70.91,76.36,62.73,50.91,77.27,69.09,2.73,90.91,63.64,88.18,75.45,78.18,85.45,73.64,90.91,28.18,53.64,75.45,83.64,91.82,94.55,58.18,80.0,21.82,93.64,92.73,68.18,54.55,98.18,60.91,65.45,60.0,64.55,99.09,84.55,84.55,81.82,85.45,50.91,69.09,97.27,71.82,50.0,57.27,60.0,73.64,61.82,44.55,78.18,42.73,41.82,84.55,56.36,97.27,54.55,70.91,50.0,100.0,35.45,61.82,93.64,100.0,86.36,80.0,73.64,79.09,77.27,73.64,62.73,66.36,61.82,92.73,57.27,22.73,100.0,81.82,32.73,20.0,54.55,54.55,49.09,26.36,81.82,100.0,43.64,34.55,26.36,28.18,71.82,100.0,66.36,99.09,66.36,83.64,18.18
83.62,37.93,44.83,89.66,32.76,36.21,61.21,90.52,87.93,74.14,62.07,56.9,59.48,89.66,80.17,79.31,35.34,84.48,45.69,52.59,77.59,19.83,83.62,81.03,79.31,66.38,36.21,18.97,74.14,61.21,87.07,25.86,32.76,93.1,57.76,90.52,43.97,81.03,96.55,64.66,13.79,66.38,48.28,81.03,75.0,69.83,91.38,50.86,68.1,97.41,50.86,79.31,81.9,26.72,37.07,100.0,12.93,97.41,55.17,71.55,76.72,62.07,51.72,76.72,68.1,2.59,90.52,62.07,87.93,72.41,77.59,86.21,72.41,88.79,29.31,51.72,75.0,82.76,92.24,94.83,59.48,79.31,20.69,93.1,92.24,68.1,53.45,98.28,60.34,66.38,58.62,64.66,99.14,85.34,84.48,79.31,85.34,51.72,68.1,96.55,69.83,50.0,56.9,59.48,74.14,61.21,43.97,79.31,41.38,40.52,84.48,55.17,95.69,53.45,70.69,49.14,100.0,37.07,58.62,93.97,100.0,87.07,77.59,73.28,80.17,76.72,74.14,63.79,66.38,62.07,93.1,59.48,22.41,100.0,81.9,34.48,19.83,53.45,54.31,50.0,25.0,81.9,100.0,44.83,32.76,25.0,29.31,73.28,100.0,66.38,99.14,65.52,83.62,17.24
85.42,35.42,42.71,88.54,31.25,37.5,59.38,88.54,86.46,77.08,60.42,60.42,59.38,88.54,81.25,79.17,37.5,84.38,43.75,54.17,80.21,18.75,85.42,81.25,76.04,65.62,31.25,20.83,71.88,63.54,88.54,27.08,29.17,93.75,56.25,89.58,46.88,79.17,95.83,65.62,15.62,66.67,50.0,81.25,75.0,66.67,89.58,51.04,66.67,97.92,53.12,79.17,81.25,25.0,38.54,100.0,15.62,97.92,57.29,69.79,73.96,61.46,54.17,77.08,68.75,2.08,90.62,63.54,87.5,75.0,76.04,86.46,72.92,89.58,29.17,53.12,78.12,84.38,91.67,94.79,55.21,82.29,20.83,93.75,91.67,70.83,53.12,97.92,60.42,66.67,60.42,64.58,98.96,83.33,83.33,79.17,85.42,47.92,70.83,97.92,72.92,53.12,59.38,60.42,73.96,61.46,46.88,78.12,43.75,37.5,85.42,56.25,96.88,52.08,73.96,47.92,100.0,31.25,62.5,92.71,100.0,84.38,80.21,75.0,80.21,77.08,73.96,62.5,67.71,62.5,91.67,56.25,20.83,100.0,82.29,31.25,20.83,55.21,54.17,47.92,26.04,85.42,100.0,43.75,34.38,25.0,23.96,70.83,100.0,66.67,98.96,63.54,83.33,17.71
57.9,51.38,52.62,54.61,48.51,48.19,53.78,52.3,61.44,54.91,48.43,50.71,56.28,56.67,51.6,54.14,50.78,50.74,47.55,53.17,52.54,48.6,52.0,54.43,53.99,50.81,47.76,48.4,52.75,54.58,53.85,46.52,47.71,57.18,52.9,56.82,49.96,55.16,55.24,49.58,45.06,52.6,48.83,52.05,55.26,51.93,58.14,52.37,55.17,62.17,48.83,56.53,52.78,48.23,50.22,60.22,44.95,55.52,48.82,55.77,52.41,52.32,49.92,55.03,52.08,41.14,56.93,49.46,58.01,51.55,57.33,54.42,55.71,53.64,50.81,50.07,55.8,59.22,56.53,56.81,53.07,54.56,49.47,56.12,57.91,57.27,54.39,60.22,53.07,50.65,51.55,49.94,60.22,55.49,54.37,51.92,54.39,51.19,56.5,57.94,51.57,47.7,53.0,50.98,51.41,50.66,48.4,53.37,50.5,51.03,53.65,50.98,57.2,49.24,54.8,50.1,55.11,47.77,52.08,56.87,59.92,55.6,56.27,52.67,53.14,52.83,55.05,51.69,51.89,54.36,60.07,50.52,48.1,60.91,55.85,48.26,50.19,50.98,51.65,51.02,46.01,54.84,58.01,50.5,48.51,46.15,45.46,54.76,61.62,53.26,57.97,53.07,52.2,46.64
57.8,51.36,52.59,54.56,48.52,48.21,53.74,52.27,61.3,54.86,48.45,50.69,56.2,56.59,51.58,54.09,50.76,50.73,47.58,53.13,52.51,48.62,51.97,54.38,53.94,50.79,47.78,48.42,52.72,54.53,53.8,46.56,47.74,57.09,52.86,56.74,49.97,55.1,55.18,49.59,45.12,52.57,48.84,52.03,55.2,51.91,58.04,52.34,55.11,62.03,48.84,56.45,52.75,48.25,50.22,60.1,45.01,55.45,48.84,55.7,52.38,52.3,49.92,54.97,52.06,41.24,56.84,49.47,57.92,51.54,57.24,54.37,55.64,53.6,50.8,50.06,55.73,59.11,56.45,56.73,53.03,54.5,49.47,56.05,57.82,57.18,54.33,60.1,53.03,50.64,51.53,49.94,60.1,55.43,54.31,51.9,54.34,51.18,56.42,57.84,51.55,47.73,52.96,50.97,51.39,50.65,48.42,53.33,50.49,51.01,53.61,50.97,57.11,49.25,54.74,50.09,55.05,47.79,52.06,56.78,59.8,55.53,56.2,52.64,53.1,52.79,55.0,51.66,51.87,54.3,59.95,50.52,48.12,60.78,55.78,48.28,50.19,50.97,51.62,51.01,46.06,54.79,57.92,50.49,48.54,46.2,45.52,54.7,61.48,53.22,57.87,53.03,52.18,46.68
56.87,51.8,52.67,54.07,48.76,48.25,53.54,51.97,60.51,54.35,48.47,50.75,55.83,56.53,51.34,53.65,50.81,51.15,47.46,52.57,52.41,48.84,52.29,54.5,54.06,50.61,48.08,48.66,52.39,53.85,54.37,46.95,48.22,56.4,52.73,56.08,50.27,54.38,55.23,49.51,45.04,52.25,49.04,51.75,55.25,52.05,57.28,52.26,54.58,60.96,49.05,55.81,52.41,48.29,50.09,59.75,44.54,54.9,48.38,55.94,52.07,52.59,50.04,54.45,51.78,42.06,56.76,49.4,57.16,52.3,57.12,54.3,56.05,54.18,50.85,49.76,55.73,58.83,55.82,56.65,52.67,54.24,49.63,56.03,57.07,57.07,54.08,59.75,52.89,50.48,51.51,49.84,59.75,54.87,53.66,51.85,53.87,51.38,55.79,57.1,51.53,48.03,52.41,50.59,51.17,50.71,48.44,52.95,50.15,50.63,53.2,51.0,56.42,49.62,54.82,50.2,54.53,48.09,51.78,56.7,59.7,54.96,55.58,52.72,53.33,52.86,54.47,51.64,51.6,54.06,59.04,50.4,48.39,60.59,55.19,48.53,49.87,51.0,52.04,50.62,46.27,54.28,57.16,50.34,48.55,46.62,45.78,54.2,61.02,53.06,57.7,53.26,52.48,47.07
57.15,51.43,52.74,54.19,48.74,48.16,53.69,52.02,60.63,54.48,48.39,50.8,55.62,56.73,51.36,53.75,50.87,51.16,47.33,52.69,52.53,48.83,52.34,54.63,54.03,50.9,48.03,48.64,52.45,54.02,54.5,46.87,48.13,56.61,52.86,56.27,50.25,54.57,55.39,49.47,44.89,52.3,49.04,51.79,55.41,52.1,57.51,52.37,54.72,61.32,49.04,56.0,52.47,48.2,50.07,60.07,44.37,55.04,48.75,55.88,52.12,52.65,50.07,54.58,51.81,41.8,56.97,49.35,57.39,52.35,57.35,54.43,56.24,54.31,50.91,49.78,55.91,59.12,56.0,56.86,52.74,54.42,49.64,56.22,57.3,57.29,54.26,60.07,53.02,50.47,51.59,49.8,60.07,55.02,53.82,51.95,53.98,51.4,55.97,57.32,51.61,47.99,52.53,50.64,51.18,50.76,48.36,53.03,50.18,50.68,53.29,51.06,56.63,49.57,54.97,50.23,54.66,48.04,51.81,56.91,59.78,55.12,55.75,52.79,53.42,52.94,54.61,51.72,51.63,54.23,59.33,50.35,48.36,60.71,55.35,48.51,49.9,51.06,51.69,50.67,46.11,54.41,57.39,50.33,48.46,46.53,45.6,54.33,61.38,53.2,57.95,53.35,52.54,46.99
57.31,51.51,52.73,54.21,48.77,48.08,53.81,52.0,60.74,54.49,48.31,50.87,55.76,56.79,51.33,53.76,50.93,51.13,47.24,52.79,52.62,48.86,52.33,54.65,54.04,50.97,48.06,48.67,52.43,54.14,54.52,46.87,48.05,56.66,52.96,56.32,50.2,54.69,55.42,49.41,44.86,52.29,49.08,51.76,55.44,52.08,57.58,52.46,54.74,61.44,49.08,56.04,52.46,48.12,50.02,60.17,44.33,55.07,48.68,55.92,52.1,52.64,50.12,54.6,51.79,41.73,57.03,49.29,57.46,52.34,57.41,54.45,56.29,54.32,50.97,49.83,55.95,59.21,56.04,56.92,52.73,54.54,49.69,56.26,57.36,57.36,54.38,60.17,53.12,50.42,51.67,49.75,60.17,55.05,53.93,52.03,53.99,51.37,56.01,57.39,51.69,48.01,52.62,50.7,51.15,50.83,48.28,53.02,50.24,50.74,53.29,51.13,56.68,49.51,55.0,50.29,54.69,48.07,51.79,56.97,59.88,55.15,55.79,52.78,53.42,52.93,54.63,51.8,51.61,54.35,59.43,50.3,48.39,60.82,55.38,48.54,49.95,51.13,51.77,50.74,46.0,54.43,57.46,50.28,48.39,46.52,45.47,54.35,61.51,53.31,58.02,53.35,52.53,46.99
97.52,82.18,70.15,96.5,38.73,21.64,88.63,78.74,99.39,90.15,71.14,64.36,95.08,96.64,78.5,87.33,42.53,85.76,21.05,68.9,93.54,30.1,91.96,83.88,93.55,66.48,16.09,34.65,83.02,67.32,92.95,15.23,17.11,96.9,62.61,96.91,40.64,86.08,93.85,29.6,6.23,54.83,37.38,69.09,91.12,72.38,95.26,74.28,90.31,99.48,48.62,96.07,74.26,33.9,14.53,99.44,6.65,81.4,10.19,93.69,92.94,62.63,59.97,91.52,71.03,0.81,97.7,48.13,97.14,86.54,97.69,91.35,76.48,93.16,57.72,72.86,89.87,98.39,96.58,98.73,81.48,89.93,29.46,97.68,98.95,95.4,81.62,99.55,80.3,83.3,83.43,60.62,99.48,89.75,93.83,79.6,87.09,68.63,91.42,97.14,94.5,52.1,51.01,59.5,82.51,77.94,23.55,93.24,63.22,39.56,77.46,80.32,98.95,55.53,94.74,64.0,95.07,58.62,75.5,98.99,99.64,96.95,87.22,76.45,88.55,83.28,89.1,53.76,60.78,48.01,98.46,71.96,22.9,99.44,92.48,17.24,29.35,51.88,83.0,52.69,40.39,98.0,98.96,13.16,30.03,12.79,38.37,91.17,99.26,67.3,99.06,91.24,91.44,17.8
97.55,81.99,69.86,96.54,38.43,21.4,88.77,78.96,99.38,90.26,70.85,64.68,95.02,96.62,78.27,85.68,42.87,84.1,21.26,68.62,93.46,29.83,91.61,83.8,93.63,66.79,16.27,34.35,82.83,67.04,92.92,15.41,16.92,96.93,62.93,96.95,40.31,86.25,93.82,29.31,6.26,55.15,37.71,69.36,90.01,72.1,95.19,74.03,90.42,99.47,48.97,96.02,74.51,33.59,14.69,99.42,6.68,81.19,10.3,93.66,93.02,59.54,59.66,91.41,71.3,0.8,97.39,48.45,97.1,86.47,97.58,91.24,76.37,92.29,57.4,72.6,89.44,98.31,96.62,98.56,81.27,89.82,29.19,97.37,98.97,95.19,81.42,99.53,80.1,83.11,83.25,60.29,99.46,88.37,93.91,79.39,87.23,68.33,91.31,97.17,94.43,51.78,50.69,59.84,82.69,77.72,23.78,92.29,62.92,39.25,77.22,80.12,98.94,55.84,94.5,64.32,95.13,58.96,75.74,98.85,99.62,96.99,87.36,76.68,88.07,83.09,88.97,53.44,61.09,48.36,98.44,72.22,23.14,99.41,92.57,17.44,29.08,51.56,82.82,53.04,40.06,98.03,98.95,13.31,29.74,12.65,38.04,89.97,99.23,67.61,99.01,90.14,90.36,18.0
97.55,81.99,69.86,96.54,38.43,21.4,88.77,78.96,99.38,90.26,70.85,64.68,95.02,96.62,78.27,85.68,42.87,84.1,21.26,68.62,93.46,29.83,91.61,83.8,93.63,66.79,16.27,34.35,82.83,67.04,92.92,15.41,16.92,96.93,62.93,96.95,40.31,86.25,93.82,29.31,6.26,55.15,37.71,69.36,90.01,72.1,95.19,74.03,90.42,99.47,48.97,96.02,74.51,33.59,14.69,99.42,6.68,81.19,10.3,93.66,93.02,59.54,59.66,91.41,71.3,0.8,97.39,48.45,97.1,88.8,97.58,91.24,74.84,92.29,57.4,72.6,89.44,98.31,96.62,98.56,81.27,89.82,29.19,97.37,98.97,95.19,81.42,99.53,80.1,83.11,83.25,60.29,99.46,88.37,93.91,79.39,87.23,68.33,91.31,97.17,94.43,51.78,50.69,59.84,82.69,77.72,23.78,92.29,62.92,39.25,77.22,80.12,98.94,55.84,94.5,64.32,95.13,58.96,75.74,98.85,99.62,96.99,87.36,76.68,88.07,83.09,89.68,53.44,61.09,48.36,98.44,72.22,23.14,99.41,92.57,17.44,29.08,51.56,82.82,48.61,40.06,98.03,98.95,13.31,29.74,12.65,38.04,89.97,99.23,67.61,99.01,90.14,90.36,18.0
97.54,81.94,69.95,96.56,38.35,21.48,88.72,79.01,99.33,89.1,70.94,64.58,95.0,96.63,78.32,85.72,42.79,84.14,20.5,68.53,93.43,29.74,91.64,83.85,93.65,66.69,16.21,35.4,82.87,66.94,92.94,15.35,16.98,96.69,62.83,96.96,40.41,86.2,93.84,29.4,6.24,55.23,37.6,71.53,90.04,71.17,95.44,73.94,89.27,99.43,48.86,95.71,73.62,33.69,15.41,99.37,6.66,81.24,10.34,93.68,93.05,59.62,59.55,91.84,71.37,0.9,97.4,48.56,96.87,86.51,97.38,91.27,76.43,92.31,57.3,72.51,88.67,98.04,96.35,98.56,81.32,89.78,29.1,97.38,98.83,94.82,81.36,99.49,80.03,82.45,83.88,60.39,99.41,88.41,93.88,79.31,87.27,68.43,90.66,96.95,95.06,49.17,50.58,59.73,82.74,77.65,23.86,92.31,62.84,39.14,79.0,80.05,98.85,55.93,94.52,65.37,94.75,57.6,75.8,98.86,99.62,96.6,87.4,76.74,88.1,83.13,88.16,53.36,61.17,48.25,98.31,72.31,23.06,99.36,92.0,17.39,28.99,51.45,81.29,52.93,40.16,97.7,98.86,11.92,31.96,12.61,38.14,90.0,99.17,67.51,99.02,90.17,90.39,17.95
97.52,81.84,69.65,96.51,38.18,21.6,88.86,78.78,99.31,89.17,71.08,64.9,94.96,96.58,78.44,85.55,42.62,84.23,20.28,68.38,93.39,30.03,91.69,83.66,93.56,69.56,16.12,35.24,82.97,66.79,92.85,15.26,17.08,96.65,62.67,96.92,40.58,86.11,93.76,29.55,6.33,55.4,37.93,71.25,89.91,71.31,95.38,73.81,89.34,99.42,44.21,95.73,73.35,33.85,15.5,99.36,6.75,81.03,10.4,92.63,92.96,59.79,59.38,91.89,71.08,0.92,97.36,48.74,96.83,86.59,97.4,91.15,76.18,92.21,57.12,72.79,88.74,98.05,96.3,98.54,80.91,89.71,29.39,97.34,98.81,94.85,81.25,99.48,79.92,82.55,83.79,60.56,99.41,88.26,93.84,79.2,87.11,68.12,90.72,96.9,95.02,49.0,50.93,59.56,82.84,77.89,23.99,92.22,62.67,38.98,78.77,79.93,98.84,56.1,94.56,65.21,94.68,57.43,75.54,98.84,99.57,96.55,87.47,76.49,87.96,82.94,88.24,53.18,61.33,48.07,98.32,72.45,22.94,99.34,92.05,17.29,28.85,51.27,81.18,52.75,40.33,97.72,98.85,11.77,32.11,12.54,38.31,89.87,99.15,67.36,99.0,90.23,90.45,17.85
