ScalRadOfGyr,ScatterRat,Circularity,Elongatedness,SkewAbMajor,HollowsRat,MaxLenAspRat,SkewAbMinor,ScalVarMajor,PrAxisAspRat,Compactness,MaxLenRect,KurAbMajor,RadiusRat,PrAxRect,KurAbMinor,DistCirc,ScalVarMinor
184,162,48,42,70,197,10,6,176,72,95,159,16,178,20,187,83,379
158,149,41,45,72,199,9,9,170,57,91,143,14,141,19,189,84,330
127,144,41,46,63,207,9,6,160,63,93,143,10,159,19,199,82,309
164,137,43,48,67,202,9,3,162,65,90,146,3,157,18,193,66,281
112,122,34,54,64,208,7,2,141,61,86,127,14,140,17,200,62,223
127,133,36,50,66,202,9,2,153,61,86,130,10,143,18,194,70,266
161,152,42,44,72,197,10,8,173,58,89,144,13,144,19,187,85,345
125,118,36,57,80,185,6,2,137,52,89,129,14,109,17,181,51,206
133,123,37,55,82,183,5,7,141,59,84,125,1,121,17,179,53,221
174,147,45,45,71,199,9,1,169,64,85,148,4,154,19,188,80,324
174,155,43,43,72,196,11,5,173,64,89,151,9,160,19,185,85,356
184,157,46,43,67,200,9,17,170,67,100,150,7,172,20,192,90,363
200,153,48,44,118,194,49,0,272,126,90,156,15,306,19,185,86,346
125,119,37,57,86,183,5,8,135,52,88,128,16,105,17,179,51,207
186,158,49,43,75,194,11,5,178,54,94,162,5,137,20,183,87,366
189,159,46,43,77,194,11,2,180,58,93,160,4,145,20,183,82,371
156,130,43,51,70,194,8,1,159,55,91,146,8,133,18,190,70,253
188,156,47,44,76,193,11,6,170,64,89,163,13,147,20,184,81,352
119,133,36,50,62,208,8,9,154,61,94,135,3,151,18,201,66,265
176,157,47,44,74,192,11,5,169,55,89,160,9,133,20,182,84,354
142,128,39,53,75,187,5,8,148,52,85,135,8,119,18,182,68,241
139,137,40,50,80,183,8,10,162,50,96,141,13,120,18,183,70,269
171,142,44,46,70,201,9,1,168,68,86,147,11,164,18,190,78,305
163,151,42,44,72,199,11,11,170,61,89,145,23,147,19,187,89,338
116,127,36,52,66,196,7,1,155,54,94,132,2,127,18,195,68,242
162,149,41,45,72,200,9,4,172,58,89,145,18,141,19,188,84,330
129,119,37,56,72,190,5,2,141,54,86,132,8,115,17,186,60,209
186,157,48,43,75,195,10,4,179,64,94,161,15,162,20,184,87,363
150,153,42,44,65,204,9,11,168,66,95,144,5,174,19,196,85,347
159,128,42,52,69,196,7,14,154,64,94,143,5,150,18,192,68,246
137,114,38,58,72,194,5,14,135,62,92,132,5,130,17,190,60,194
143,144,40,46,70,200,9,0,168,65,89,141,5,159,19,190,77,314
187,156,48,43,74,196,10,4,177,64,94,153,14,162,19,185,83,357
165,155,43,44,75,196,10,12,174,54,93,153,13,133,19,184,85,351
185,159,47,43,71,198,11,12,176,64,95,157,13,162,20,189,88,371
185,160,48,43,76,192,11,10,173,59,90,160,11,142,20,183,78,370
137,146,40,45,64,206,9,9,165,63,92,140,0,163,19,199,82,319
179,143,45,46,72,196,8,2,171,63,85,147,3,150,19,187,71,307
186,159,46,43,74,193,11,17,169,62,90,156,7,143,20,185,80,366
157,157,45,43,67,200,10,8,173,67,97,157,12,173,20,192,88,365
134,134,39,51,75,186,7,4,164,49,98,142,1,121,18,186,68,261
176,158,47,43,97,194,48,0,229,133,89,163,14,322,20,184,83,364
185,161,48,43,75,192,10,3,170,58,86,163,1,136,20,183,75,371
159,133,42,50,67,201,10,7,157,64,87,142,1,150,18,193,64,264
147,148,42,44,70,199,8,3,171,66,91,145,5,162,19,189,80,331
170,163,46,42,71,196,11,18,176,64,100,163,0,164,20,189,85,387
127,136,36,49,67,204,8,2,161,69,93,136,29,165,18,193,64,279
149,144,40,46,71,197,9,8,168,64,89,139,7,154,19,188,79,311
152,127,42,53,74,190,7,5,156,56,93,145,4,131,18,189,70,240
132,130,38,53,74,185,8,0,157,52,98,139,13,125,18,186,70,243
179,145,45,46,66,202,9,11,164,67,94,147,14,166,19,194,81,313
188,156,48,44,73,195,11,8,171,63,93,165,15,150,20,185,84,354
166,136,44,49,78,187,6,10,168,58,89,146,3,137,18,186,70,273
157,146,40,46,70,199,10,0,167,68,87,139,13,162,19,189,81,317
178,156,47,44,74,195,11,7,172,66,93,158,15,163,20,183,85,355
150,122,40,54,63,206,7,7,146,58,89,140,4,137,17,199,58,225
181,147,47,45,72,198,9,0,171,62,87,152,6,149,19,188,81,325
124,138,37,48,71,195,8,1,163,63,86,134,6,150,18,189,69,284
145,114,39,58,64,202,6,17,134,56,85,135,7,126,17,197,57,195
175,157,44,43,76,195,11,5,176,56,88,155,16,139,20,184,85,363
134,144,41,46,67,203,8,4,165,63,93,150,9,159,19,195,79,309
115,131,35,50,66,201,9,8,159,62,94,127,7,147,18,196,66,258
139,117,35,57,89,184,3,5,136,55,85,122,9,110,17,180,47,203
170,134,42,49,71,201,9,7,163,68,93,142,13,158,18,192,64,268
185,160,48,43,76,192,11,1,169,56,90,167,14,134,20,182,78,366
176,157,47,44,77,191,9,1,168,53,85,165,7,121,20,182,75,358
149,140,41,49,77,185,7,5,164,51,93,141,15,124,18,184,75,284
140,133,38,52,78,183,8,11,158,52,95,140,8,126,18,184,66,253
176,156,44,44,74,193,11,5,166,58,84,157,17,140,20,183,80,349
178,155,47,43,76,196,12,2,179,65,93,157,9,161,19,184,85,354
153,118,40,56,65,199,6,10,143,56,89,137,8,131,17,193,60,209
112,126,35,53,64,207,7,4,147,58,89,128,19,138,17,199,70,237
141,119,39,55,61,207,7,7,140,60,86,134,8,140,17,200,60,212
135,122,37,55,79,185,6,0,143,53,83,129,7,113,17,181,62,218
140,149,43,45,64,207,9,1,165,61,91,157,26,157,19,197,88,326
161,146,45,46,64,207,9,5,161,63,96,148,10,162,19,199,80,316
177,156,46,44,78,191,10,7,171,52,89,160,17,125,20,183,77,351
164,154,43,44,73,196,11,6,174,55,88,150,2,136,19,185,84,350
123,130,38,51,69,194,7,3,160,55,98,138,12,130,18,191,66,251
177,155,45,44,90,192,43,9,200,102,89,160,17,246,20,183,81,347
121,132,36,50,67,201,8,3,158,57,93,136,27,139,18,193,63,260
119,133,36,50,62,209,8,6,153,60,89,134,18,149,18,201,68,265
188,157,45,43,75,197,10,1,180,56,93,155,21,142,20,184,83,364
156,131,40,52,78,184,7,8,160,49,93,145,6,117,18,184,62,249
155,126,41,53,72,194,9,3,159,56,91,144,10,131,18,191,66,237
147,120,37,56,82,183,5,7,138,54,89,127,4,111,17,181,51,213
143,150,43,45,65,206,9,2,164,66,93,147,17,170,19,196,88,334
171,142,44,47,63,207,8,19,160,63,98,148,2,160,18,201,78,300
176,156,44,44,76,193,10,12,163,54,89,151,12,125,20,184,76,352
171,151,45,45,65,205,10,18,166,63,97,148,20,161,19,197,91,334
166,145,44,46,64,206,10,10,163,62,95,148,6,158,19,199,84,312
199,147,46,45,70,200,9,13,168,61,91,152,11,148,19,189,78,323
186,153,47,44,74,197,10,13,175,58,89,151,7,147,19,186,85,349
186,155,47,43,75,196,10,1,179,60,90,155,5,149,19,185,85,355
182,156,47,43,68,202,9,1,173,64,97,149,13,164,20,192,87,359
138,118,36,57,85,183,4,9,138,58,87,125,15,117,17,180,53,205
203,157,49,43,75,194,10,4,179,64,94,158,0,159,20,183,87,363
184,152,47,44,73,197,9,4,175,58,90,155,2,145,19,186,85,345
187,155,47,43,135,196,49,12,320,138,94,155,9,333,19,188,85,354
130,140,38,47,67,202,25,4,162,66,91,139,11,160,18,192,70,296
143,153,44,44,66,203,10,9,170,65,93,156,17,166,19,194,90,348
159,133,42,50,67,201,10,7,157,64,87,141,0,150,18,193,64,265
124,140,39,47,62,208,8,15,161,62,96,150,3,160,18,201,77,294
173,159,45,43,76,193,11,10,170,56,85,156,21,133,20,183,82,362
150,133,39,52,86,182,6,6,154,51,96,139,0,117,18,181,58,255
140,136,37,48,68,202,9,11,159,62,84,134,9,145,18,194,70,280
121,130,37,51,65,203,6,3,150,60,85,130,14,145,18,195,68,253
155,135,42,51,78,185,7,16,164,51,93,144,12,123,18,185,64,262
185,161,47,42,77,191,11,11,172,58,90,153,8,136,20,183,73,376
118,119,36,56,67,198,6,6,139,56,91,130,14,126,17,192,60,211
177,157,46,44,79,191,9,12,170,59,89,158,3,135,20,184,74,356
158,143,39,46,68,201,10,13,164,68,91,137,9,164,19,191,82,308
172,139,43,49,79,185,6,4,164,52,92,144,16,124,18,183,70,282
179,142,45,46,71,199,8,10,169,68,83,144,3,161,18,191,73,305
157,128,41,52,61,208,6,13,149,60,90,141,4,147,18,201,62,246
150,127,40,52,62,210,8,13,149,59,92,139,1,144,17,204,62,241
167,137,44,48,72,194,7,1,166,63,91,146,9,151,18,188,66,280
176,160,46,43,73,194,11,5,170,63,89,160,9,150,20,185,78,367
138,142,38,47,71,196,8,5,167,59,86,131,10,143,18,189,76,301
186,161,48,43,75,193,11,2,172,60,90,159,2,143,20,184,78,374
161,155,43,43,74,197,10,1,176,54,94,149,6,136,19,186,82,359
136,118,36,57,88,183,3,7,137,57,88,128,14,113,17,180,53,204
171,160,46,42,70,200,11,7,176,63,95,157,21,159,20,189,92,372
128,136,38,49,72,193,7,7,167,59,89,133,7,138,18,189,74,278
124,137,39,48,63,209,8,3,156,62,88,137,6,155,18,201,76,281
137,136,40,49,73,188,6,0,166,58,93,138,0,139,18,187,73,275
164,150,43,45,91,196,46,5,200,97,90,149,9,231,19,186,81,332
150,123,41,55,76,188,6,12,148,59,89,137,3,134,17,186,63,223
151,135,39,51,85,182,7,12,155,48,90,139,8,114,18,183,57,261
154,158,44,43,66,202,10,14,173,67,98,149,9,176,20,194,88,367
143,122,40,54,63,208,7,7,145,59,86,139,11,139,17,202,66,225
113,127,34,52,63,206,6,4,148,59,88,130,10,140,18,199,58,243
164,155,44,44,75,195,12,7,176,55,88,158,11,135,20,183,84,351
148,139,40,50,85,183,7,12,159,48,92,140,19,111,19,182,66,277
152,118,38,57,78,186,4,9,140,56,86,129,2,119,17,184,58,208
112,128,35,52,66,200,8,6,148,64,97,129,2,151,18,195,66,246
174,154,45,44,67,201,10,9,167,67,96,149,8,169,19,192,87,351
174,160,47,43,77,193,11,1,175,54,89,163,7,131,20,182,80,369
127,139,36,47,73,196,8,7,166,59,89,130,1,141,18,189,68,291
123,116,35,57,65,203,6,1,138,57,85,125,23,129,17,196,64,200
157,132,40,52,84,183,7,12,145,53,83,137,6,116,18,177,59,250
160,123,42,54,66,198,6,8,147,57,88,144,4,133,17,193,66,227
126,139,39,48,64,208,8,4,157,66,93,140,7,164,18,201,78,290
121,137,37,49,64,205,7,0,156,61,84,140,23,150,18,196,70,278
145,116,39,57,64,204,6,7,137,59,86,135,9,129,17,199,62,203
186,159,49,43,75,192,11,1,173,57,90,167,11,141,20,182,85,365
146,122,37,55,85,184,5,8,144,55,83,128,16,112,17,180,49,219
134,131,39,52,72,187,8,4,159,56,98,144,10,136,18,186,68,251
200,150,48,44,75,195,9,2,173,60,90,156,0,144,19,185,81,333
162,131,42,50,65,204,7,15,154,59,90,142,3,144,18,197,63,259
157,130,41,52,78,186,7,5,158,56,97,143,7,133,18,184,62,247
182,151,46,44,70,199,9,15,173,64,96,148,11,160,19,192,88,339
137,119,35,57,90,183,2,6,139,54,86,121,1,110,17,180,44,208
173,158,45,43,75,193,11,12,177,59,89,158,16,149,20,183,85,362
123,139,39,48,62,209,8,8,159,59,91,139,17,153,18,201,77,289
109,128,35,52,62,209,7,1,147,59,88,129,6,143,18,202,60,246
167,136,43,49,64,209,8,4,158,64,90,145,6,157,18,201,72,279
185,163,47,42,73,195,10,9,177,64,90,160,0,161,20,185,85,389
192,157,46,43,69,200,12,15,172,70,94,155,21,175,20,190,91,358
172,162,46,42,74,193,11,8,175,66,95,155,4,162,20,184,76,381
186,161,46,43,76,193,11,0,170,58,90,158,9,137,20,182,73,373
171,160,46,43,77,192,11,0,173,55,90,161,16,133,20,182,75,369
161,139,41,50,81,184,7,7,160,52,92,143,19,125,18,182,66,275
159,137,43,48,63,210,8,17,156,64,93,145,12,162,18,203,78,281
172,139,43,48,99,199,55,4,231,105,82,145,9,250,18,190,70,289
116,122,35,55,64,203,6,6,142,58,92,132,17,136,17,197,58,222
186,159,49,43,76,192,10,10,176,56,94,160,7,137,20,183,82,367
176,157,45,44,73,195,10,17,170,68,94,156,11,163,20,187,85,357
162,158,45,43,68,199,10,1,174,63,94,157,6,160,20,189,85,367
124,132,37,51,69,192,8,0,157,55,91,135,12,138,18,191,76,256
176,143,45,46,71,199,8,2,173,69,85,148,0,167,18,190,73,307
158,132,40,53,87,183,7,0,142,53,88,139,7,114,18,176,55,249
159,155,44,43,67,202,10,3,167,66,96,150,10,166,19,192,85,355
182,155,46,43,69,202,10,14,173,68,96,148,15,174,19,194,88,354
164,134,42,50,69,197,9,6,163,58,91,142,5,142,18,191,66,268
179,151,46,44,67,204,9,0,169,66,93,147,4,169,19,195,85,339
127,119,36,57,81,184,5,13,139,56,85,124,5,115,17,181,51,207
153,129,41,51,68,201,8,6,161,61,91,142,12,148,18,194,64,249
148,117,39,57,69,194,5,7,140,55,86,134,6,125,17,190,58,204
187,156,50,44,77,191,10,5,171,57,94,170,6,138,20,182,84,351
162,135,44,49,75,191,7,3,165,64,90,145,2,152,18,187,69,272
128,133,37,50,69,195,9,2,161,60,94,135,7,146,18,192,72,262
139,134,39,52,80,184,8,7,160,48,96,141,20,111,18,183,64,258
161,130,42,51,63,210,8,3,150,62,88,142,2,151,18,203,64,253
144,115,37,58,74,190,6,11,135,54,87,126,22,116,17,186,52,196
119,127,37,53,71,190,9,2,156,52,93,137,13,126,18,191,70,238
174,138,43,48,69,201,9,6,161,64,86,143,0,150,18,192,68,285
157,132,40,53,86,183,6,8,142,53,83,140,7,114,18,176,53,247
161,146,41,45,71,197,8,4,169,62,88,144,16,147,19,188,80,318
187,157,48,44,78,191,10,1,169,56,90,164,3,132,20,182,77,354
186,161,48,43,74,195,11,3,175,64,90,167,16,157,20,185,85,375
140,145,41,46,64,207,9,4,163,65,95,145,8,170,19,199,82,314
162,131,42,51,73,191,7,10,162,53,89,144,17,125,18,188,66,254
185,159,49,43,75,191,11,7,173,56,95,162,10,139,20,182,82,365
175,140,45,47,73,196,8,3,168,58,87,148,12,139,18,188,66,294
159,151,43,44,71,200,10,2,173,57,95,149,23,142,19,187,76,339
171,137,44,48,65,203,8,9,159,64,90,144,4,157,18,196,72,283
176,159,46,43,72,197,11,1,173,66,89,159,20,163,20,186,84,368
131,120,36,56,73,190,5,1,140,55,85,128,18,123,17,186,66,212
220,207,50,32,73,196,10,14,223,66,104,158,9,209,23,188,106,635
152,183,44,36,64,204,11,4,202,62,93,146,14,197,22,195,98,505
118,123,34,54,65,202,6,5,148,55,90,118,26,136,17,196,66,224
246,204,55,32,74,194,9,6,227,65,96,166,2,201,23,186,103,624
220,216,54,31,74,195,10,5,225,61,104,173,11,186,24,185,100,686
223,208,56,32,74,193,10,6,227,69,101,169,5,215,24,186,100,651
224,204,53,32,68,201,11,0,221,66,99,165,6,219,23,191,105,623
139,128,36,53,82,183,6,6,143,57,83,125,3,119,18,179,54,238
216,218,54,31,72,199,11,1,229,65,107,167,28,203,25,187,98,696
158,146,38,46,83,185,7,9,168,55,80,130,20,129,19,180,63,314
158,140,42,47,64,205,8,10,165,58,88,142,11,151,18,198,77,293
120,142,35,46,64,202,6,5,162,59,93,128,13,154,18,197,66,304
204,208,48,32,70,202,10,5,232,68,101,154,38,222,24,190,107,641
130,164,38,40,63,205,8,1,186,61,87,129,25,177,20,198,85,402
218,216,53,31,74,197,10,1,235,54,106,171,9,176,24,187,98,691
202,205,48,32,74,193,9,5,227,67,95,151,9,214,23,186,104,628
139,164,37,40,67,197,8,4,191,63,93,134,7,183,20,192,76,405
232,213,54,31,66,202,12,20,223,65,119,167,1,220,24,192,106,675
179,163,45,40,62,208,9,0,184,59,91,148,10,176,20,199,79,404
146,142,38,47,77,185,6,2,162,51,78,130,4,115,19,181,63,299
130,154,38,43,70,195,7,4,181,66,92,133,24,174,19,189,71,355
245,210,55,31,72,197,9,1,236,70,98,168,6,228,24,188,101,661
165,185,44,36,66,199,9,4,202,63,97,144,8,195,22,191,96,512
212,209,53,32,66,201,11,0,222,66,107,163,1,221,24,191,103,653
185,193,50,34,64,204,9,5,214,63,103,161,5,212,22,198,98,567
139,130,38,52,79,187,5,13,145,59,77,130,21,135,18,183,63,247
156,146,41,46,76,188,7,18,170,56,89,137,5,143,19,184,75,317
216,225,55,30,74,195,11,6,231,69,98,178,14,219,25,187,101,748
221,215,55,31,76,193,10,3,226,54,96,175,6,161,24,185,98,683
218,224,59,30,70,198,11,10,225,70,97,186,25,227,25,186,108,732
151,176,39,37,67,200,8,3,196,62,92,137,23,191,21,192,91,466
147,126,37,55,82,184,6,1,135,54,73,128,15,111,18,176,53,227
210,195,53,34,68,198,9,5,210,63,101,162,5,203,22,191,103,571
152,172,39,38,72,194,8,0,197,60,91,134,10,170,21,188,83,445
173,150,40,45,82,185,7,2,165,62,86,133,3,140,19,180,62,330
144,147,40,47,76,193,7,8,172,55,79,135,30,133,19,181,80,311
132,125,37,54,81,184,6,8,142,55,80,125,5,116,18,178,57,229
229,218,55,31,71,199,11,3,232,68,104,173,10,222,24,188,107,703
155,169,38,39,69,195,9,9,196,55,94,130,15,158,20,190,84,430
234,197,52,33,70,198,9,10,218,59,104,158,10,191,23,191,100,583
218,214,50,31,72,197,10,7,232,65,97,156,29,211,24,188,108,683
170,144,42,46,74,189,6,17,166,62,89,139,13,151,19,185,80,308
201,201,46,33,69,202,9,5,223,68,95,148,38,219,23,191,105,602
214,220,53,30,73,199,10,11,224,64,108,168,10,202,25,188,103,711
159,197,46,34,65,205,11,0,212,64,99,152,33,209,23,194,105,575
133,150,39,45,73,193,8,0,176,59,85,134,16,151,19,184,77,331
136,147,38,46,80,187,6,16,167,59,77,132,20,144,19,181,75,315
138,114,35,59,74,187,5,21,132,58,88,122,4,121,17,182,50,192
189,201,45,32,72,195,8,5,231,65,100,147,5,209,23,189,100,611
212,221,53,31,72,201,12,13,226,69,109,169,28,221,25,188,109,712
146,134,37,50,79,185,5,16,151,53,89,127,14,119,18,184,54,266
132,121,36,56,68,195,6,22,137,57,90,127,23,130,17,190,57,216
198,197,46,34,73,197,9,13,222,60,100,147,13,184,23,189,104,578
131,150,36,45,66,203,7,0,174,60,86,128,32,165,19,196,77,331
168,186,42,36,67,206,9,7,208,59,97,138,41,186,22,194,101,511
201,213,54,31,76,195,10,12,219,53,102,173,27,163,24,187,100,669
145,125,37,54,74,188,5,14,141,58,88,130,20,130,18,184,63,230
115,157,37,42,60,209,9,3,172,58,90,132,18,171,20,201,80,373
172,214,49,31,67,206,11,0,224,57,106,161,39,194,24,192,107,670
178,164,45,40,65,204,7,11,188,62,95,145,18,186,20,199,80,406
199,222,54,30,67,200,12,0,221,64,103,174,18,218,25,189,107,728
158,154,43,42,61,209,8,15,174,59,90,144,9,172,19,203,72,360
195,187,50,35,65,206,10,3,207,65,104,156,7,211,22,195,96,527
125,149,35,44,62,210,7,5,169,62,93,124,30,172,19,203,72,334
184,208,49,32,68,202,9,1,224,64,106,158,24,211,24,190,106,645
134,147,36,45,64,203,7,10,168,55,85,128,24,149,19,197,78,321
140,151,39,44,70,196,6,1,174,58,87,136,33,152,19,187,74,337
180,150,45,44,66,198,6,16,170,57,91,146,2,154,19,193,75,335
146,133,38,51,87,183,5,0,152,59,82,128,0,125,18,177,53,259
192,202,52,33,65,206,11,17,219,64,107,164,2,218,23,197,101,610
131,166,39,40,62,205,9,8,184,64,98,138,19,191,20,197,81,415
150,132,40,50,68,195,5,3,159,59,85,135,9,139,18,191,72,260
217,213,54,32,73,195,10,1,223,59,98,172,26,186,24,186,104,665
198,220,54,31,72,198,11,1,220,57,103,170,32,179,25,186,91,707
124,153,36,43,60,211,8,4,169,57,92,128,19,165,19,203,78,349
190,213,51,31,68,199,12,18,226,57,110,162,2,191,24,191,104,674
187,211,51,31,67,200,11,7,222,60,108,160,3,197,24,190,103,661
145,177,39,37,71,198,7,4,209,60,84,131,38,180,21,190,90,469
238,207,54,32,71,200,11,0,228,68,102,164,26,221,24,189,106,638
121,123,36,55,78,185,6,3,141,56,78,124,16,116,17,178,60,221
128,116,35,59,76,190,4,10,135,57,84,123,27,122,17,183,53,196
210,203,46,33,70,199,10,9,217,66,103,149,10,209,23,191,106,612
186,157,45,42,69,196,7,13,184,60,98,148,10,166,20,190,76,371
224,209,51,32,73,195,10,5,222,68,101,162,23,212,24,186,105,653
142,157,36,42,66,198,8,1,182,64,90,126,20,179,19,192,78,367
189,181,48,36,64,203,9,20,200,63,97,155,11,198,21,199,94,494
176,149,43,44,69,194,7,14,172,57,93,143,0,149,19,189,76,335
144,158,37,42,68,196,7,9,181,60,92,131,21,167,20,190,86,373
217,219,56,31,71,196,11,19,226,71,107,172,11,231,25,189,104,705
123,157,36,42,61,204,8,6,177,60,90,128,21,171,19,197,74,367
201,221,54,30,69,198,11,15,227,50,111,172,6,171,25,190,103,727
219,212,55,31,73,194,11,10,217,62,103,175,14,194,24,187,100,666
178,162,46,41,67,198,8,2,183,64,92,149,10,176,20,191,79,396
224,214,56,31,74,192,11,2,219,55,101,175,3,168,24,185,100,681
121,172,39,38,63,209,9,4,191,62,94,135,23,194,21,201,89,444
130,138,36,48,72,192,7,1,163,56,89,126,1,141,18,187,72,286
147,162,39,41,74,191,7,1,194,62,90,131,22,169,20,185,86,388
177,152,44,44,77,187,5,8,175,59,84,143,2,150,19,183,77,344
219,219,57,30,73,196,11,4,228,69,104,176,3,216,25,186,103,708
213,222,55,30,71,196,13,2,225,62,99,180,3,206,25,186,101,722
162,136,41,49,74,189,6,5,155,56,86,136,14,133,18,183,66,274
216,218,54,31,71,197,11,14,221,66,107,169,0,210,24,188,98,704
218,208,54,32,69,199,10,14,217,68,105,166,23,215,24,189,106,640
173,150,41,45,80,185,5,5,165,61,86,138,8,148,19,182,64,333
127,112,33,61,86,183,3,12,130,57,85,119,21,115,17,181,40,184
197,208,52,32,70,198,10,1,220,59,100,163,22,189,24,187,104,642
211,222,55,30,71,197,10,7,225,57,100,177,17,189,25,188,101,731
126,157,36,42,63,205,8,5,174,62,89,125,22,172,19,198,77,367
188,159,45,42,65,201,7,11,182,59,93,146,15,164,20,195,73,379
214,215,55,31,71,199,12,2,229,69,101,168,16,228,24,188,108,684
142,169,39,39,67,199,7,0,190,59,91,132,24,176,20,192,83,426
249,212,55,31,72,196,11,5,229,65,103,165,16,211,24,188,103,673
127,116,34,58,70,189,6,3,137,58,85,121,20,127,17,185,53,197
246,219,58,30,71,196,11,7,231,69,104,176,4,230,25,187,103,716
203,214,50,31,71,202,11,18,232,56,112,159,27,186,24,191,110,676
123,155,36,42,65,201,7,8,177,56,91,126,15,157,19,195,77,361
168,149,43,44,63,203,7,14,170,56,92,143,18,158,19,198,69,333
199,201,48,33,73,197,10,8,221,63,99,152,4,196,23,188,104,604
216,226,58,30,71,196,12,6,225,65,98,182,1,208,25,185,101,748
140,129,37,52,81,184,4,4,146,55,83,127,13,118,18,180,54,245
156,175,39,38,69,198,9,0,197,63,91,132,23,189,21,191,88,457
178,185,49,35,62,208,10,13,202,60,103,160,8,194,22,198,100,518
175,166,46,40,63,207,9,13,189,61,100,154,9,187,20,198,81,415
205,173,47,38,66,202,7,0,197,66,93,151,3,200,21,195,88,452
165,135,41,50,74,187,7,3,154,55,86,136,4,129,18,180,66,266
212,214,54,31,68,202,11,11,226,68,109,169,32,225,24,189,109,675
151,186,44,35,66,198,8,0,202,62,100,147,2,193,22,193,93,521
222,217,53,31,67,206,12,16,231,67,116,165,28,231,24,192,110,692
190,169,48,39,64,201,8,16,188,64,89,153,5,189,20,195,85,427
200,200,47,33,73,194,10,6,220,69,96,147,6,215,23,187,103,598
144,135,37,50,83,184,6,16,151,62,88,125,16,132,18,180,57,265
142,132,37,52,72,187,7,17,148,54,82,127,7,126,18,183,66,252
165,177,40,38,66,205,9,9,194,64,91,135,35,192,21,195,98,465
218,215,53,31,73,197,10,8,224,60,106,169,21,193,24,188,98,681
174,151,43,44,68,197,7,15,182,59,93,141,2,166,19,193,78,342
200,207,48,32,70,203,10,5,227,61,106,153,28,202,24,190,107,635
189,214,52,31,66,198,11,6,217,57,107,162,5,186,24,189,103,676
195,192,51,34,64,202,10,14,210,59,109,161,3,197,22,196,100,553
168,205,48,32,65,206,10,9,222,62,109,158,32,215,23,195,107,624
220,181,50,36,69,199,10,6,211,61,90,158,19,188,21,191,90,492
226,198,52,33,67,201,9,12,217,67,96,163,20,222,23,192,104,589
158,187,45,36,64,211,10,7,202,64,95,150,32,208,22,198,105,520
202,221,54,30,73,199,10,0,232,69,105,170,13,220,25,187,100,718
231,188,51,35,68,199,10,10,207,66,98,157,1,203,22,191,96,533
144,170,38,39,66,204,7,2,188,60,94,131,28,179,21,195,88,435
180,181,49,36,62,209,10,19,197,61,106,158,15,201,21,202,96,494
168,149,44,45,68,193,6,10,170,54,89,144,14,136,19,188,82,332
137,161,38,41,68,197,7,5,186,59,89,131,15,169,20,192,80,389
205,188,52,35,67,200,9,11,206,59,104,161,8,188,22,193,96,530
236,221,57,30,70,200,11,10,234,66,99,176,25,220,25,188,109,725
213,222,54,30,71,200,11,6,229,63,109,175,14,205,25,187,103,720
162,140,40,48,72,190,6,3,158,62,86,135,21,146,18,183,75,290
141,135,37,50,85,183,4,3,152,61,83,127,6,131,18,180,54,271
203,222,54,30,71,198,10,13,224,58,102,171,6,190,25,189,101,728
213,224,55,30,74,196,10,11,228,68,99,178,20,219,25,187,101,737
220,212,52,31,66,205,12,21,228,65,117,163,25,228,24,194,110,668
177,151,44,44,64,208,6,9,175,59,88,145,12,167,19,202,77,343
151,132,40,50,61,209,6,16,155,58,89,137,6,147,18,203,69,260
169,192,46,35,66,200,8,1,208,66,97,151,32,210,22,191,101,546
157,148,38,46,86,183,5,12,163,60,88,131,0,137,19,180,58,319
197,177,50,37,65,201,9,10,195,63,98,155,1,192,21,193,90,472
168,183,42,36,70,197,10,3,208,62,93,141,12,188,21,189,88,504
213,207,49,32,70,202,10,13,225,59,109,156,31,193,24,191,109,635
174,156,45,42,70,196,8,2,181,60,87,144,2,164,19,190,82,366
176,186,49,35,62,205,9,3,202,63,100,156,5,206,22,197,96,519
214,216,52,31,72,201,12,10,229,55,108,171,28,182,24,189,109,687
195,198,46,34,66,205,10,7,213,61,101,150,38,195,23,192,105,578
185,168,47,39,67,198,7,4,196,59,95,152,4,176,20,191,81,425
172,154,45,44,75,189,7,15,181,59,87,145,14,153,19,184,77,350
235,202,54,33,68,200,11,12,216,62,108,164,3,203,23,190,105,608
143,135,37,51,82,185,7,11,151,63,82,128,24,134,18,179,59,264
197,161,47,41,72,193,8,9,187,57,89,149,15,156,20,187,81,388
203,217,51,31,72,201,11,15,232,59,104,163,22,193,24,190,108,694
132,128,37,52,71,192,6,1,154,57,87,129,14,132,18,186,60,243
128,125,36,54,78,184,7,1,146,53,82,126,5,117,18,180,54,229
216,217,56,31,72,199,11,2,225,64,105,173,19,209,24,188,98,696
142,139,39,49,80,186,6,0,151,56,80,131,5,122,18,179,60,281
206,217,51,30,72,199,9,6,238,67,100,162,18,224,24,189,109,704
174,142,44,48,68,197,8,7,159,56,88,143,18,145,19,188,71,296
166,186,43,35,68,199,8,6,210,63,99,144,13,195,22,191,89,521
205,227,57,30,72,198,11,6,234,63,100,180,19,207,25,186,107,756
222,176,49,37,70,195,7,1,205,63,90,154,2,187,21,189,83,467
136,161,37,41,72,192,8,0,189,60,97,131,0,169,20,188,76,391
202,206,53,32,65,205,12,21,216,64,107,163,22,213,23,194,108,627
136,153,37,44,69,197,8,6,179,59,85,126,21,158,19,191,80,348
204,212,52,31,74,194,10,12,226,53,101,163,11,162,24,186,105,669
164,200,48,33,66,202,12,8,215,62,103,158,22,204,23,192,101,595
135,134,38,51,76,188,8,1,152,59,80,126,23,130,18,179,64,259
149,144,38,47,69,191,6,1,165,53,91,131,7,136,19,186,75,305
138,170,38,39,68,199,9,1,191,60,86,134,28,175,21,191,86,433
174,161,45,41,66,201,9,4,190,64,89,151,2,188,20,194,77,390
135,120,36,57,84,184,4,1,135,56,78,124,12,116,17,177,51,209
129,140,36,48,66,202,6,4,161,62,88,123,35,160,18,194,78,287
187,216,53,31,68,201,12,4,220,54,101,172,24,184,24,190,108,685
125,133,34,50,63,206,6,5,158,56,93,123,20,144,18,200,72,263
193,207,48,31,71,196,11,5,227,61,98,152,7,195,23,189,101,650
117,140,34,47,61,207,7,1,165,59,90,124,3,158,18,201,66,298
153,183,41,36,66,200,9,11,202,65,91,137,24,197,21,193,93,504
128,135,36,50,66,203,7,3,154,57,89,126,36,142,18,193,69,266
214,220,53,30,71,197,11,10,228,63,106,167,24,203,25,188,98,710
148,169,38,39,67,202,9,7,190,59,86,132,33,176,20,193,89,428
186,208,50,32,67,202,11,15,223,58,112,159,22,197,24,191,104,639
209,217,53,31,67,201,11,0,226,61,104,168,9,206,24,188,108,694
149,149,38,45,74,191,7,6,177,54,84,132,29,141,19,185,83,327
221,208,51,32,72,197,10,9,220,54,104,162,20,168,24,187,105,641
165,150,40,45,80,186,7,12,167,55,84,134,1,131,19,180,71,330
201,177,49,37,67,198,8,7,203,63,91,156,5,195,21,192,86,473
165,199,47,34,61,208,11,1,207,59,98,154,33,202,23,194,109,586
219,195,51,34,67,201,10,0,219,60,101,161,10,194,22,192,98,572
193,185,50,35,66,201,10,12,209,64,99,159,11,204,22,194,88,517
203,188,52,35,67,202,9,14,208,62,101,162,15,197,22,193,101,527
223,212,57,31,74,193,10,0,224,74,95,175,4,228,24,186,104,670
130,162,37,41,63,204,7,6,178,59,94,133,6,169,20,198,74,394
132,161,38,41,63,206,9,7,181,62,92,135,29,178,20,197,74,388
204,201,52,33,65,204,11,2,214,64,106,158,4,213,23,192,101,607
250,218,57,30,73,195,11,10,226,69,103,173,2,221,24,187,105,706
138,178,42,37,61,208,9,3,189,61,98,144,8,192,21,199,90,480
200,200,52,33,67,201,8,9,218,62,106,161,17,211,23,194,107,602
182,168,47,39,70,198,8,11,193,64,97,150,2,183,20,192,81,426
163,152,40,44,87,183,4,13,170,52,85,133,3,121,19,180,66,340
222,215,54,31,75,194,10,13,221,58,96,175,23,175,24,186,104,682
202,220,51,30,72,200,11,12,232,62,105,163,16,201,25,189,108,711
226,218,55,30,67,202,12,8,230,67,104,174,22,230,24,191,109,706
212,221,56,30,72,196,11,15,234,61,107,179,1,202,25,189,105,725
153,153,40,44,75,187,8,11,173,57,82,133,9,141,19,181,73,342
223,211,55,32,74,196,9,1,222,71,97,171,24,219,24,186,104,658
204,225,55,30,71,198,13,5,225,57,101,177,10,183,25,186,101,741
221,214,55,31,74,194,10,1,224,66,104,173,1,201,24,185,100,680
196,218,54,31,74,196,11,4,223,67,104,170,21,209,24,187,91,697
193,167,46,40,67,198,8,12,190,62,94,148,15,181,20,191,79,418
218,221,57,30,72,195,12,11,223,72,104,177,12,222,25,186,103,718
188,160,45,41,70,199,7,11,180,64,93,147,11,177,20,192,81,383
139,153,39,45,71,189,7,11,174,54,82,134,18,140,19,183,86,338
184,212,51,31,66,201,10,7,219,57,102,162,21,193,24,191,108,663
214,220,54,31,70,201,11,12,229,57,108,174,23,189,25,189,109,709
169,157,45,42,63,206,9,16,180,60,97,149,12,175,20,198,76,370
223,219,54,31,72,196,10,5,219,56,102,171,17,177,25,186,98,706
214,215,55,31,68,201,11,2,222,68,106,170,29,224,24,189,98,679
223,217,54,31,72,198,10,0,228,53,102,174,31,167,24,187,98,692
204,227,56,30,73,197,12,0,231,62,101,178,11,204,25,186,100,757
217,219,54,30,75,195,10,5,231,57,105,170,12,185,25,187,96,706
139,131,36,52,76,187,8,5,148,57,86,127,27,128,18,183,66,252
149,146,39,46,77,189,7,9,170,55,91,132,18,133,19,184,72,314
194,195,46,34,70,197,10,0,224,67,97,147,14,209,22,188,94,573
214,220,53,30,71,199,11,21,229,64,115,166,11,205,25,189,100,710
194,214,51,32,65,206,11,0,223,59,101,162,36,201,24,190,112,667
137,150,35,45,67,198,8,2,172,60,93,125,33,162,19,191,78,331
223,215,55,31,74,195,10,12,221,59,101,177,26,182,24,186,105,678
140,163,38,41,67,198,7,1,184,56,88,129,9,156,20,192,77,395
200,223,54,30,70,201,11,0,225,56,103,174,29,189,25,187,107,729
125,157,37,43,63,208,9,5,178,61,95,134,40,171,20,196,71,365
145,133,38,51,87,184,5,0,152,58,76,127,21,125,18,177,58,259
160,147,42,45,62,211,8,22,174,60,92,142,10,172,19,206,75,322
224,218,54,31,67,204,12,13,223,68,107,170,25,228,25,190,108,700
160,152,40,44,76,187,7,7,173,56,85,134,16,137,19,182,75,339
155,177,40,37,70,196,8,7,202,58,89,133,18,174,21,189,89,471
126,140,36,48,66,204,6,1,164,63,89,131,38,162,18,193,69,291
197,218,52,31,66,203,11,0,221,60,105,167,20,207,24,191,107,701
177,159,45,41,69,195,7,8,184,57,92,147,10,162,20,190,76,381
175,188,44,35,72,197,9,15,216,66,97,144,11,202,22,190,95,526
186,206,49,32,65,201,11,12,212,57,109,156,21,186,23,192,103,630
198,175,48,38,68,199,8,13,200,60,88,152,16,178,21,192,90,460
168,207,49,32,64,207,11,0,217,61,104,157,19,209,24,193,105,637
213,222,55,30,71,199,12,2,226,67,102,177,21,213,25,187,101,719
174,201,49,33,69,196,10,4,215,67,101,156,11,212,23,189,103,601
129,167,39,39,63,204,9,6,186,59,93,134,17,180,20,197,86,418
134,159,37,42,69,197,8,3,183,68,96,134,16,187,20,190,74,378
217,213,51,31,72,198,11,2,226,56,107,162,4,182,24,188,103,673
144,142,39,48,77,189,9,7,165,53,79,135,21,127,19,181,72,295
154,175,39,38,70,195,8,11,200,62,90,132,15,181,21,189,89,458
183,203,48,33,64,204,9,17,216,62,113,151,29,208,23,193,98,613
209,177,49,37,67,199,9,11,197,64,87,153,7,190,21,192,86,471
151,137,40,49,74,190,4,6,162,59,86,133,14,138,18,186,66,279
216,217,56,31,72,197,10,2,232,72,101,171,6,231,24,187,101,698
216,219,55,30,74,194,9,4,231,56,105,175,5,181,25,187,96,713
151,168,39,40,74,192,8,3,199,69,88,133,22,194,20,186,88,416
196,216,53,31,72,199,11,6,221,62,113,165,25,197,24,188,93,688
166,145,42,46,71,198,6,15,170,55,89,139,26,140,19,191,75,312
187,175,48,38,62,210,11,5,192,60,101,153,22,191,21,197,85,458
240,208,54,32,71,197,11,9,228,65,108,162,0,212,24,189,103,648
155,160,40,41,72,191,8,5,189,60,91,133,7,166,20,186,83,383
201,222,53,31,71,203,12,15,226,63,105,168,35,206,25,189,108,712
187,152,43,43,67,198,7,12,175,59,94,143,11,161,19,193,69,349
216,205,55,32,71,196,11,9,221,68,104,169,18,216,23,189,105,623
212,214,54,31,70,201,11,1,229,66,109,167,23,220,24,188,103,677
212,219,53,30,71,199,11,6,229,63,109,172,3,210,25,188,103,707
241,200,54,33,70,198,9,2,222,62,99,166,7,199,23,189,100,600
164,165,46,40,61,208,8,8,181,58,92,149,11,170,20,200,82,409
139,126,38,54,70,190,6,4,144,62,84,132,7,138,18,185,66,232
214,220,53,31,72,199,11,15,226,56,108,167,18,181,25,189,104,712
222,213,54,31,74,196,11,14,218,64,104,172,4,197,24,187,101,669
217,224,55,30,73,198,11,8,231,53,98,178,30,168,25,187,108,737
127,139,38,49,72,191,8,9,160,57,84,127,20,138,18,183,74,282
142,146,38,46,69,194,7,0,166,61,89,127,9,153,19,187,78,314
218,223,55,30,75,196,10,14,237,70,104,177,11,223,25,188,105,737
133,128,36,53,70,191,7,2,147,56,80,124,21,127,18,183,69,240
174,144,43,46,64,201,8,13,163,54,89,146,5,147,19,194,77,308
210,178,50,37,71,194,6,1,207,65,89,156,6,195,21,189,83,481
157,178,40,37,71,193,8,1,199,61,90,132,14,178,21,187,83,472
158,128,39,52,63,204,7,9,149,58,93,134,7,146,18,198,63,246
206,220,51,30,73,198,11,11,238,70,100,163,19,231,25,189,109,722
139,160,36,41,66,203,6,9,187,64,90,125,31,184,20,195,85,385
150,176,40,38,66,199,7,0,200,62,88,138,29,183,21,189,79,462
202,221,53,30,70,200,12,3,226,71,97,167,20,225,25,186,105,713
123,134,38,51,65,198,9,1,145,53,85,132,24,130,18,188,72,261
218,210,56,32,72,196,10,13,217,59,103,173,22,183,24,188,105,648
121,114,34,59,87,183,3,4,131,57,80,119,7,110,17,179,42,191
127,115,33,59,83,185,4,1,136,53,85,118,30,104,17,179,50,193
120,138,34,48,62,210,5,9,158,57,88,122,29,152,18,204,69,284
151,140,42,48,64,206,8,10,165,58,92,138,21,153,18,199,69,290
218,216,55,31,75,193,10,0,219,54,97,173,4,170,24,184,96,685
214,221,56,30,73,197,10,8,232,73,108,174,3,234,25,187,103,718
160,181,40,37,68,202,8,5,205,58,96,134,34,178,21,192,100,486
200,221,52,31,73,205,12,22,229,64,106,168,38,207,25,190,108,709
138,140,36,48,71,195,6,4,166,55,84,125,36,136,18,189,75,290
202,213,53,32,74,198,10,13,218,63,104,166,21,190,24,188,101,664
166,133,40,50,70,191,5,9,152,56,86,135,2,135,18,187,63,262
183,208,49,32,66,200,12,1,214,54,103,159,12,179,24,191,107,644
186,203,52,33,65,203,10,0,214,64,102,157,19,213,23,193,101,616
148,134,38,51,83,184,6,10,147,58,81,128,6,123,18,177,53,259
169,141,41,47,61,209,7,11,162,56,96,141,8,153,18,202,69,297
210,218,55,30,69,197,11,14,228,68,108,171,4,230,24,190,105,709
244,193,52,34,69,199,9,3,216,62,91,161,1,196,22,190,98,562
169,191,46,35,68,200,9,0,210,66,95,148,28,208,22,190,104,543
161,152,44,44,72,192,7,9,174,60,86,141,0,155,19,187,77,345
145,147,38,46,75,188,7,7,171,54,85,131,25,132,19,183,75,318
218,211,53,31,71,197,11,0,224,57,105,168,15,184,24,186,105,661
153,149,38,45,71,193,7,6,174,62,89,129,21,161,19,188,77,327
220,206,55,32,72,196,9,5,223,67,98,167,19,213,23,187,104,629
164,142,40,48,77,186,6,2,164,58,85,137,22,136,19,182,66,295
117,161,37,41,62,211,8,2,182,62,97,131,28,181,20,203,78,389
136,179,41,37,63,204,10,4,197,63,97,140,3,197,21,197,92,481
169,171,47,38,59,210,10,15,186,60,100,155,18,190,21,201,88,440
214,187,50,35,67,201,9,8,214,67,96,158,6,215,22,193,94,525
160,193,46,34,65,203,9,11,209,61,110,149,7,197,22,194,100,561
178,148,41,46,79,185,6,19,164,58,87,136,2,140,19,181,66,318
190,164,47,40,72,193,8,7,189,61,89,150,10,169,20,187,83,402
139,185,43,36,65,204,10,8,202,63,102,142,12,197,22,195,96,513
210,211,53,32,67,203,10,5,223,66,110,164,16,223,24,190,104,659
235,190,51,35,68,198,9,13,208,63,95,161,0,196,22,191,96,543
138,175,41,38,65,206,9,7,199,63,103,142,30,194,21,197,83,455
123,147,35,45,64,203,7,1,169,59,91,131,1,159,19,197,66,322
144,154,37,43,69,195,8,6,180,67,92,129,9,180,19,190,80,353
207,226,58,30,72,198,11,0,234,70,100,182,13,230,25,187,109,752
144,130,40,51,64,200,7,1,147,59,88,134,1,146,18,193,69,252
128,122,35,55,82,184,4,5,139,57,89,125,13,121,17,181,52,220
194,191,51,35,64,205,11,18,207,60,105,162,4,197,22,196,105,545
133,169,40,39,61,210,9,2,184,62,94,139,9,186,20,200,85,430
201,196,51,34,65,205,10,7,214,63,108,159,16,206,23,194,100,576
153,180,43,36,64,205,10,6,200,62,100,143,9,197,21,195,92,489
137,153,38,43,70,192,8,1,179,59,89,129,1,156,19,187,82,351
201,167,47,40,73,192,7,12,197,60,93,147,4,165,20,187,83,417
191,217,53,31,71,198,11,11,228,58,106,166,24,192,24,188,98,693
215,206,49,32,72,198,10,6,227,62,108,155,16,200,23,189,103,635
196,171,48,39,67,201,8,15,195,59,96,152,0,177,21,195,83,438
215,210,52,32,73,194,10,3,219,55,99,166,2,177,24,187,104,657
221,213,54,31,73,198,11,17,222,64,110,171,16,201,24,188,102,669
149,178,42,37,67,200,9,1,199,65,95,141,29,197,21,193,96,474
240,198,54,33,72,196,10,4,224,65,100,164,11,206,23,187,102,587
186,198,45,33,67,200,10,8,214,61,105,149,5,195,23,192,100,586
198,219,53,31,69,203,11,10,228,63,107,168,21,211,25,190,108,704
207,222,52,30,73,199,10,7,241,68,100,165,28,225,25,188,109,731
147,175,41,38,63,205,9,1,192,59,97,140,5,184,21,196,88,459
218,219,52,30,74,198,10,10,235,53,104,166,28,172,25,188,110,711
221,213,53,31,72,198,11,12,216,65,104,168,12,199,24,187,101,667
145,167,38,40,71,198,8,0,196,61,91,134,28,172,20,189,76,415
228,215,54,31,68,201,12,4,226,70,105,168,22,234,24,189,108,687
161,193,46,34,65,202,9,5,207,61,105,150,9,195,22,194,100,557
178,201,48,33,64,204,10,0,214,64,102,152,25,214,23,192,105,600
123,127,36,54,70,194,7,3,144,56,85,125,30,127,18,184,72,233
197,205,48,32,71,196,10,2,226,71,103,153,15,232,23,188,96,633
204,225,55,30,74,201,11,8,228,61,101,178,35,200,25,187,107,730
145,154,37,43,71,191,7,14,179,54,86,127,13,144,19,186,77,352
195,204,51,32,68,197,10,3,220,67,102,162,19,217,23,188,104,621
212,215,52,31,67,199,12,11,220,60,109,162,7,199,24,189,104,691
158,138,41,48,67,197,7,0,161,55,90,138,1,145,18,192,78,284
174,197,48,33,68,197,9,2,216,65,98,152,5,203,23,189,101,584
230,183,51,36,70,196,8,6,211,69,93,156,1,209,22,189,90,506
160,174,40,38,68,200,7,3,197,58,96,139,29,170,21,191,78,455
121,150,36,44,63,205,8,2,166,60,91,133,22,162,19,196,72,334
237,193,53,34,71,196,10,3,220,65,95,160,2,202,22,188,95,559
165,149,43,45,72,191,7,13,168,56,91,140,23,142,19,186,72,327
159,188,45,35,64,203,10,12,202,62,107,148,20,197,22,195,92,526
184,196,51,34,62,208,12,22,207,60,115,162,1,201,23,198,100,573
199,214,52,31,71,196,10,0,228,71,102,164,16,225,24,187,98,682
223,212,53,32,73,197,10,16,220,55,103,168,24,172,24,187,106,660
141,169,38,39,67,199,8,9,197,65,98,136,20,191,20,192,78,430
199,196,46,34,73,194,9,5,219,65,91,146,8,199,23,186,101,574
137,142,36,47,63,200,8,0,163,61,91,128,31,162,19,193,83,298
162,201,48,33,64,202,11,2,212,64,97,155,7,212,23,193,105,602
240,189,52,35,72,195,9,2,214,67,92,161,5,204,22,188,93,536
195,192,45,34,73,197,9,3,218,66,96,143,19,201,22,189,101,552
188,211,50,31,68,200,11,9,223,60,111,156,9,199,24,190,103,663
191,198,47,33,70,198,9,4,219,64,109,150,13,206,23,190,96,586
178,189,44,35,71,194,10,2,214,70,87,141,21,211,22,187,98,535
217,218,54,31,71,198,12,2,221,62,107,170,21,201,24,187,96,694
216,219,55,30,70,197,11,10,221,68,107,172,7,213,25,187,103,709
214,217,52,31,72,197,10,14,229,62,115,165,4,203,24,188,100,697
158,163,39,41,71,192,7,7,189,59,90,131,13,160,20,186,85,396
193,206,51,32,69,196,10,5,217,52,100,164,21,163,23,188,104,631
144,122,38,55,64,201,7,20,137,55,85,130,8,130,17,195,63,219
216,207,53,32,64,205,11,21,217,61,111,167,2,211,23,196,108,636
219,216,56,31,75,194,11,15,219,59,103,173,11,185,24,186,100,684
141,132,38,50,75,188,5,8,148,56,84,130,4,128,18,185,60,261
180,162,44,40,66,199,6,13,189,66,89,143,11,191,20,194,80,396
204,198,52,33,64,204,10,2,207,62,104,161,5,206,23,195,101,587
170,154,45,43,69,193,8,3,180,56,88,149,0,155,19,188,82,357
222,210,51,32,73,196,11,8,222,56,103,163,9,174,24,187,105,650
145,142,38,48,81,183,5,4,153,55,79,128,2,120,19,180,55,295
219,215,55,31,75,194,11,5,219,63,97,172,24,197,24,185,103,677
162,135,39,49,69,190,5,16,155,54,83,131,6,127,18,187,69,274
203,220,53,31,71,203,11,14,226,64,104,172,30,204,25,189,108,707
166,189,43,35,71,197,10,6,217,65,95,143,27,202,22,190,96,534
173,185,42,36,70,197,9,10,206,63,93,138,21,192,22,189,98,508
145,137,38,49,75,186,8,0,158,53,87,127,9,123,18,181,71,277
218,220,56,30,73,195,11,6,223,74,104,172,16,231,25,186,96,713
214,200,54,33,68,198,10,10,214,67,105,163,20,213,23,190,105,597
214,221,55,30,72,196,12,9,225,60,106,173,13,196,25,186,96,717
157,156,39,43,74,190,8,0,185,57,86,133,23,149,20,183,84,358
171,178,49,37,64,206,10,2,200,62,95,154,0,193,21,198,92,478
213,224,57,30,72,198,13,4,223,54,99,188,7,177,25,185,100,726
215,212,49,31,71,199,11,16,229,61,108,159,11,204,24,190,109,665
184,160,46,41,71,191,6,10,185,56,92,148,5,154,20,186,83,382
144,135,36,50,86,182,4,15,150,53,82,126,4,114,18,181,51,268
181,158,46,42,67,199,8,12,181,60,94,148,2,169,20,193,77,373
114,130,34,51,62,207,7,5,151,56,93,120,29,140,18,201,66,251
149,169,39,40,72,195,8,7,200,64,93,134,25,183,20,188,87,422
200,222,54,30,70,201,12,3,228,67,106,173,4,222,25,187,101,721
148,135,36,50,66,195,7,0,155,58,86,124,25,146,18,190,78,270
188,149,44,45,127,183,52,9,241,103,85,144,11,205,19,180,70,325
264,255,57,26,85,183,6,5,280,50,107,169,9,172,28,181,106,957
172,153,43,42,66,204,6,13,176,65,97,143,1,173,19,200,73,361
192,152,46,43,71,195,6,5,180,68,88,148,11,171,19,189,74,349
206,174,49,37,71,199,5,6,196,71,94,154,2,203,21,197,79,465
151,177,41,36,72,199,6,4,202,69,99,139,10,197,21,198,77,485
184,154,47,43,75,192,6,0,175,64,84,145,3,153,19,185,75,354
177,150,43,43,68,206,7,9,169,69,94,142,1,173,19,199,64,344
141,143,39,46,69,199,7,1,164,61,87,136,2,148,18,192,70,307
163,192,45,33,76,193,6,6,217,64,102,146,7,193,22,195,85,570
177,152,44,44,82,185,7,2,174,52,82,147,2,118,19,180,72,340
186,151,45,44,75,189,6,7,173,73,81,146,0,169,19,183,68,336
174,148,42,46,88,182,6,6,172,54,85,141,14,122,19,180,66,317
165,149,42,43,65,209,6,7,169,67,101,139,11,175,19,202,62,341
230,257,56,26,83,184,6,5,275,53,101,168,26,185,28,180,104,956
159,150,42,45,78,188,7,4,174,67,83,144,2,156,19,182,66,333
183,184,45,35,72,197,7,0,203,69,93,145,4,201,22,194,86,523
172,149,43,46,83,184,8,6,169,57,81,146,18,125,19,179,68,323
209,190,49,34,74,195,7,4,208,74,98,154,7,219,22,195,84,558
218,208,52,31,76,191,5,11,227,66,104,161,4,208,24,193,94,666
189,150,44,45,88,182,7,6,171,50,89,147,5,113,19,179,68,328
189,151,46,44,73,190,6,2,175,66,87,146,0,159,19,186,71,343
214,209,51,31,78,189,5,5,232,65,99,159,11,203,24,191,92,671
148,150,40,44,72,197,7,3,174,76,89,136,8,188,19,193,76,342
257,261,58,26,83,182,6,9,278,51,110,171,13,180,28,181,106,998
161,171,42,38,69,201,6,3,189,75,91,138,12,209,20,196,84,446
177,145,45,46,73,188,6,2,168,65,84,144,3,154,19,184,66,312
164,150,43,44,75,192,7,4,179,62,86,142,9,152,19,188,68,337
171,149,44,46,87,182,6,4,170,56,87,144,12,124,19,179,65,321
185,148,45,45,119,185,52,1,237,126,82,144,1,252,19,181,66,326
167,194,45,33,79,191,5,0,225,65,102,146,27,198,22,193,83,576
173,150,44,45,80,185,8,7,170,59,80,145,12,135,19,180,68,329
171,185,48,35,74,195,6,5,202,68,99,153,8,199,22,195,79,524
173,150,43,46,82,184,8,9,168,56,85,144,14,128,19,180,64,324
194,173,49,37,70,202,7,5,189,65,93,158,10,180,21,197,79,463
153,147,42,45,76,189,7,2,176,62,89,143,6,148,19,186,70,323
155,149,41,45,75,191,22,6,173,65,85,139,16,155,19,184,66,330
200,199,48,32,73,194,7,7,216,68,100,150,11,209,23,192,95,605
172,149,42,46,86,182,8,7,166,55,81,145,7,125,19,179,63,320
176,150,43,45,85,183,8,4,171,54,80,145,8,120,19,179,68,329
144,149,40,44,68,200,7,4,169,67,91,135,17,171,19,192,76,332
154,184,44,35,73,197,6,4,208,74,94,145,22,216,22,196,84,525
239,250,56,26,85,183,5,4,280,64,110,169,6,223,27,184,103,928
184,147,45,46,80,184,6,0,169,64,82,143,1,139,19,181,68,320
242,247,54,27,85,183,4,4,266,47,106,166,11,161,27,181,103,892
210,213,49,31,77,189,6,8,228,59,96,152,28,187,24,188,98,680
148,158,40,41,73,197,6,1,185,73,88,134,11,186,20,193,78,379
169,144,44,46,69,198,7,11,166,66,89,147,1,160,19,191,72,312
135,151,37,43,68,205,7,1,175,68,93,131,22,174,19,196,73,347
159,145,42,44,67,207,7,4,169,66,91,140,0,169,19,201,66,325
151,176,41,36,72,197,5,7,204,71,100,138,19,205,21,197,75,479
156,169,42,38,68,204,5,3,184,69,91,137,23,193,20,198,81,434
245,240,55,27,80,184,7,3,258,59,107,168,1,199,26,186,98,866
173,152,43,44,81,185,7,6,177,56,86,142,14,130,19,181,66,340
177,154,44,44,80,187,7,0,181,64,82,144,16,150,19,183,72,350
191,153,46,44,81,186,7,3,172,56,81,149,14,130,19,180,71,342
183,147,44,46,81,185,7,6,173,61,82,143,17,136,19,181,72,317
172,149,42,46,85,182,7,1,167,55,85,146,6,121,19,179,64,323
185,149,46,45,77,188,8,6,170,65,86,146,6,149,19,183,70,331
157,150,41,44,71,197,7,3,175,68,90,138,18,169,19,192,71,336
198,212,49,31,78,189,4,1,238,54,104,153,23,168,24,190,89,682
180,147,44,45,74,191,8,1,170,61,83,143,1,144,19,185,68,325
198,186,50,34,74,198,6,6,206,67,100,158,1,197,22,197,81,531
178,153,44,44,81,186,6,1,180,60,81,146,15,139,19,182,72,347
178,151,44,45,86,183,6,4,170,53,81,147,5,120,19,179,68,333
136,165,37,39,72,200,5,1,188,74,96,128,3,199,20,196,74,419
186,151,45,45,81,184,8,1,170,56,85,145,10,128,19,179,65,332
199,153,47,43,77,189,7,6,175,61,79,149,10,141,19,183,74,349
172,149,42,46,83,182,7,8,166,58,85,144,4,132,19,179,59,320
124,156,36,41,71,204,6,2,184,73,95,126,19,191,19,199,73,374
177,142,43,46,65,203,6,10,164,67,94,142,8,170,18,198,68,310
176,151,45,45,79,187,7,3,171,56,80,147,16,128,19,181,71,337
172,152,42,45,85,183,6,5,175,53,86,141,4,116,19,179,65,335
184,148,45,45,80,184,5,5,169,69,82,144,0,150,19,181,68,322
232,257,57,26,83,184,8,2,275,51,107,172,20,179,28,181,106,954
178,146,44,45,69,201,6,6,167,75,87,141,1,179,19,194,70,326
183,148,46,45,75,191,6,8,167,59,83,146,0,137,19,185,73,327
132,154,37,42,67,206,7,2,171,71,94,127,8,186,19,197,73,362
160,151,43,44,76,189,7,5,178,65,82,143,11,154,19,185,73,341
188,151,46,45,82,184,6,9,170,57,86,147,11,125,19,180,73,334
147,144,41,46,71,195,7,4,168,65,83,141,12,155,19,188,70,309
157,155,42,42,76,193,5,6,184,65,87,138,12,159,19,189,76,362
247,241,55,27,84,183,6,10,265,51,109,165,11,169,26,184,102,870
139,151,38,43,66,204,7,0,168,64,90,131,0,164,19,195,75,345
221,192,52,33,75,195,5,4,212,69,98,161,6,207,22,194,86,570
141,172,40,37,72,201,6,4,197,61,98,139,17,171,21,199,77,457
127,158,37,41,70,204,6,0,184,72,94,133,14,193,19,200,72,385
187,151,45,45,79,186,8,2,171,58,85,146,5,130,19,181,70,334
176,149,45,44,71,196,6,6,170,63,86,145,1,152,19,189,73,335
152,148,41,45,72,195,7,5,172,64,82,138,17,155,19,187,70,328
173,152,42,45,81,184,7,0,173,55,90,142,15,126,19,180,63,336
209,220,51,30,80,186,6,7,247,60,102,162,7,194,25,188,92,731
261,260,57,26,85,183,6,11,288,56,113,175,21,194,28,182,109,982
171,149,43,46,85,182,8,6,169,56,87,143,3,127,19,180,65,322
185,151,44,45,81,182,7,3,166,54,82,147,4,123,19,179,63,329
172,150,42,45,85,182,7,2,171,54,86,140,8,125,19,180,65,327
229,234,57,28,77,187,7,7,243,55,107,171,11,184,26,187,102,822
219,203,51,32,77,190,5,8,222,62,99,158,26,188,23,191,88,625
152,151,41,44,73,194,7,3,175,64,87,138,8,158,19,190,73,341
145,146,40,45,72,196,7,4,175,63,89,135,10,155,19,192,72,321
253,236,54,28,81,185,7,6,256,57,101,164,14,188,26,185,106,833
195,151,47,44,75,188,6,5,171,64,81,147,0,146,19,183,69,340
179,150,45,44,69,201,7,12,170,69,91,144,1,171,19,195,76,340
180,146,45,46,75,187,6,5,168,64,84,142,1,148,19,183,68,317
148,177,41,36,74,198,5,0,205,64,96,134,4,177,21,196,77,485
186,161,45,40,70,203,5,7,178,71,97,144,7,187,20,196,72,399
182,167,47,38,69,203,6,6,188,72,96,150,16,204,20,199,77,429
217,227,52,29,82,186,4,0,262,58,109,158,19,189,25,187,95,776
262,250,54,27,88,182,4,5,280,67,106,162,11,227,27,182,100,923
190,153,46,44,80,187,7,1,177,61,81,148,14,141,19,182,71,347
171,152,42,45,85,183,8,4,169,50,86,141,16,113,19,179,65,332
190,154,47,43,74,194,6,7,176,68,86,146,3,165,19,188,75,356
261,256,57,26,87,181,5,11,285,51,108,170,2,177,28,182,106,966
154,153,41,43,72,195,5,2,175,66,89,136,0,162,19,188,75,352
129,164,38,39,71,203,6,3,189,68,98,136,17,186,20,200,70,413
151,150,40,44,69,200,7,2,174,68,88,137,20,173,19,196,73,341
176,146,45,45,72,196,7,5,167,66,86,144,6,155,19,189,71,322
176,150,43,45,81,184,7,6,170,60,80,146,15,133,19,180,71,330
173,141,44,47,66,199,6,9,164,64,89,143,11,158,18,193,70,299
127,149,36,43,69,205,6,0,178,70,96,127,17,183,19,201,74,341
171,152,43,44,76,187,7,6,177,72,87,145,12,169,19,184,70,341
186,149,45,45,81,184,7,8,169,54,85,145,4,120,19,181,70,326
186,202,47,32,79,191,5,4,234,74,99,148,11,226,23,192,91,629
172,150,42,45,82,185,7,10,177,56,85,145,14,130,19,181,70,328
242,238,53,28,85,184,4,7,267,72,102,163,22,238,26,184,101,844
214,204,53,32,78,192,6,5,231,65,101,161,14,194,23,192,91,636
192,154,46,42,72,199,7,8,178,75,91,147,8,185,19,192,75,362
171,145,43,45,67,200,6,8,169,64,95,141,4,159,19,195,71,322
171,149,43,46,83,184,7,1,172,62,81,145,14,139,19,180,68,323
198,183,49,35,73,199,6,3,206,70,100,156,13,206,21,198,80,517
173,150,43,45,78,186,7,7,171,68,82,143,11,154,19,181,71,330
168,147,43,46,77,186,8,1,169,65,78,145,12,147,19,181,70,319
206,222,50,30,83,184,4,4,254,54,105,159,12,173,25,186,93,735
182,186,45,35,71,198,5,4,204,71,94,145,13,213,22,195,89,533
171,148,42,46,87,182,6,1,170,54,86,143,3,122,19,179,64,319
198,151,46,44,80,186,6,3,174,70,83,147,11,156,19,181,71,338
168,151,43,45,86,183,6,4,173,57,85,143,9,130,19,180,66,333
243,247,54,27,84,182,5,12,269,48,106,165,1,164,27,181,105,891
191,156,45,41,69,198,6,5,181,69,94,144,5,179,19,193,72,373
171,148,43,46,86,182,6,6,166,56,86,145,9,126,19,179,70,317
185,167,47,38,69,206,7,9,184,70,95,152,19,195,20,200,73,430
172,150,43,46,85,182,8,8,169,53,86,144,8,119,19,179,61,326
239,252,55,27,83,186,7,5,269,49,107,172,30,167,28,179,103,904
242,241,55,28,85,184,6,8,267,57,109,170,9,191,26,184,96,857
183,157,45,41,70,201,7,8,179,74,92,143,6,187,19,195,74,375
168,152,43,44,76,189,19,1,180,74,88,143,9,177,19,186,70,342
173,143,44,46,68,203,8,7,163,61,88,143,8,151,18,196,70,311
145,155,39,42,70,200,8,4,175,72,94,133,5,184,19,192,75,365
186,148,45,46,86,182,8,0,170,57,86,145,7,126,19,179,66,321
228,239,56,28,82,185,6,9,264,75,108,167,13,246,26,186,102,855
175,150,43,46,87,182,7,0,169,54,85,147,5,121,19,179,66,324
117,155,35,41,71,205,5,3,184,68,98,124,22,182,19,202,70,371
177,150,43,46,87,182,6,3,174,54,86,144,7,123,19,180,69,325
163,149,42,45,85,182,7,5,173,53,85,145,4,120,19,180,66,325
205,201,51,32,74,193,6,6,219,65,100,159,7,199,23,193,89,622
176,150,44,46,82,183,8,1,169,55,84,148,11,128,19,179,65,325
174,153,43,44,78,188,8,0,175,62,79,144,8,141,19,182,72,344
162,186,43,34,75,196,5,0,215,55,96,141,6,161,22,195,82,534
180,166,46,39,69,203,7,13,184,71,98,150,9,199,20,200,77,422
171,150,42,46,85,182,6,2,169,51,87,141,14,116,19,178,60,324
135,161,37,40,69,202,6,1,180,71,92,128,14,191,20,195,75,393
170,143,44,46,69,193,5,7,166,69,83,143,6,166,18,188,70,306
172,144,44,46,71,193,7,4,167,70,88,141,4,165,19,188,71,312
198,184,51,35,72,199,7,9,199,72,98,161,11,207,21,196,84,520
185,148,44,45,82,183,6,10,170,64,86,145,1,140,19,181,70,322
177,152,44,45,83,183,6,4,168,56,86,150,13,129,19,178,65,331
186,178,49,36,72,200,7,0,194,73,97,157,7,203,21,197,76,487
173,155,43,43,77,190,7,5,180,75,84,143,12,180,19,185,76,359
163,177,43,36,68,198,6,6,189,69,95,139,4,198,21,196,83,484
133,160,38,40,66,205,6,2,178,69,90,130,14,185,20,198,79,393
157,151,42,44,75,193,7,0,179,64,84,143,20,156,19,187,76,339
185,148,44,45,84,183,6,8,170,58,85,145,1,125,19,180,66,323
201,197,47,33,74,191,7,8,214,60,97,148,0,183,23,192,88,596
173,151,43,44,80,188,7,2,181,68,82,145,17,158,19,183,73,337
188,195,51,33,75,194,6,6,214,71,105,159,20,207,22,194,80,579
186,148,45,45,84,183,7,9,170,56,86,144,5,122,19,180,70,324
153,157,41,42,74,195,7,8,181,73,89,136,12,183,19,191,76,373
171,167,46,39,69,203,6,17,183,70,96,148,10,194,20,200,70,427
268,251,56,27,82,183,5,11,272,57,110,169,10,199,27,183,109,928
137,164,38,39,71,202,6,2,193,66,99,131,22,184,20,200,74,414
160,149,42,46,85,182,7,10,169,53,85,143,7,120,19,180,66,321
260,262,57,26,86,184,6,9,285,67,106,171,31,235,28,180,107,987
189,146,45,45,71,191,6,10,172,70,86,146,8,170,19,187,71,321
127,154,37,42,71,202,6,0,184,70,92,131,4,184,19,198,75,363
158,149,42,45,74,190,7,2,172,64,83,142,2,152,19,184,71,331
231,225,54,29,79,187,6,9,246,61,102,165,14,201,25,188,98,766
178,153,44,42,67,206,8,7,171,72,94,144,2,186,19,199,70,361
191,163,46,39,70,200,5,7,185,74,96,149,8,202,20,196,74,408
166,155,44,41,67,206,7,5,179,70,96,145,7,190,19,202,68,372
250,236,52,28,82,184,7,3,254,52,103,160,23,170,26,183,103,816
261,257,57,26,85,184,6,2,287,52,114,169,21,181,28,182,102,968
208,217,51,30,81,188,7,9,240,51,105,165,25,160,24,188,93,703
213,218,50,30,77,189,6,8,232,63,100,156,7,204,24,189,98,719
139,145,39,45,70,200,6,3,173,66,87,134,21,165,19,195,74,318
179,152,43,44,84,184,7,1,178,62,85,145,4,141,19,181,69,341
176,150,43,46,81,184,7,7,169,53,80,147,14,123,19,179,68,327
125,162,36,40,72,204,6,6,189,73,100,127,19,199,20,200,73,401
179,152,45,45,81,183,7,3,167,60,81,151,13,137,19,179,68,333
176,151,43,45,81,184,8,1,173,54,84,146,12,123,19,181,70,332
143,148,39,44,69,201,7,5,167,66,88,134,13,166,19,193,70,332
190,151,44,45,80,185,8,4,170,53,80,146,16,120,19,180,68,333
156,149,42,45,78,188,7,6,177,59,87,142,9,139,19,185,70,327
137,171,38,37,74,199,6,2,199,68,97,129,6,188,20,197,75,450
222,237,53,28,82,184,4,4,263,47,106,164,17,154,26,185,98,838
171,148,43,46,85,182,6,6,166,56,85,145,11,123,19,179,66,319
174,148,43,46,87,181,5,8,168,54,85,145,2,120,19,179,66,320
174,192,46,34,73,197,6,2,215,63,98,147,26,191,22,194,88,563
152,148,41,45,72,195,7,7,171,67,87,140,13,165,19,188,76,327
143,152,39,43,72,200,6,6,179,71,92,131,14,180,19,195,76,350
201,176,47,36,70,201,7,7,190,71,93,152,19,205,21,198,84,476
171,150,43,45,80,185,7,1,175,64,81,144,2,148,19,182,68,330
183,150,46,44,74,191,6,5,172,59,83,146,3,139,19,185,68,336
138,166,38,38,70,202,5,1,189,69,98,131,3,192,20,200,72,427
173,150,43,45,83,183,7,4,172,55,85,146,15,123,19,180,66,326
186,151,45,45,88,185,22,1,186,69,81,147,10,154,19,180,68,335
119,151,37,43,65,208,7,0,167,66,97,129,16,173,19,201,70,346
172,162,47,40,68,205,7,9,179,70,100,153,6,185,20,200,70,406
255,265,58,26,85,183,6,4,285,51,111,174,8,183,29,181,105,1018
