0,1,2,3,4,5,6,7,8,9,10,11,12,13,14,15,16,17,18,19,20,21,22,23,24,25,26,27,28,29,30,31,32,33,34,35,36,37,38,39,40,41,42,43,44,45,46,47,48,49,50,51,52,53,54,55,56,57,58,59,60,61,62,63,64,65,66,67,68,69,70,71,72,73,74,75,76,77,78,79,80,81,82,83,84,85,86,87,88,89,90,91,92,93,94,95,96,97,98,99,100,101,102,103,104,105,106,107,108,109,110,111,112,113,114,115,116,117,118,119,120,121,122,123,124,125,126,127,128,129,130,131,132,133,134,135,136,137,138,139
100.0,100.0,100.0,100.0,100.0,100.0,100.0,100.0,100.0,60.0,100.0,100.0,100.0,100.0,100.0,100.0,100.0,100.0,100.0,100.0,100.0,100.0,100.0,100.0,100.0,100.0,100.0,100.0,100.0,100.0,100.0,100.0,100.0,100.0,100.0,100.0,0.0,100.0,100.0,100.0,100.0,100.0,100.0,100.0,100.0,60.0,100.0,100.0,100.0,100.0,100.0,100.0,100.0,100.0,100.0,100.0,100.0,100.0,100.0,100.0,100.0,100.0,100.0,100.0,100.0,0.0,100.0,0.0,100.0,100.0,100.0,50.0,100.0,100.0,100.0,100.0,100.0,100.0,100.0,0.0,100.0,100.0,100.0,100.0,66.67,100.0,100.0,50.0,100.0,100.0,100.0,100.0,50.0,100.0,100.0,100.0,100.0,100.0,100.0,100.0,100.0,100.0,100.0,100.0,100.0,100.0,100.0,100.0,55.56,60.0,100.0,100.0,100.0,100.0,100.0,100.0,100.0,100.0,100.0,100.0,100.0,100.0,100.0,100.0,100.0,100.0,50.0,100.0,100.0,100.0,100.0,100.0,100.0,100.0,100.0,0.0,100.0,100.0,100.0,100.0
100.0,100.0,100.0,100.0,100.0,100.0,100.0,100.0,100.0,60.0,100.0,100.0,100.0,100.0,100.0,100.0,100.0,100.0,100.0,100.0,100.0,100.0,100.0,100.0,100.0,100.0,100.0,100.0,100.0,100.0,100.0,100.0,100.0,100.0,100.0,100.0,40.0,100.0,100.0,100.0,100.0,100.0,100.0,100.0,100.0,100.0,100.0,100.0,100.0,100.0,100.0,100.0,100.0,100.0,100.0,100.0,100.0,100.0,100.0,100.0,100.0,100.0,100.0,100.0,100.0,0.0,100.0,0.0,100.0,100.0,100.0,50.0,100.0,100.0,100.0,100.0,100.0,100.0,100.0,0.0,100.0,100.0,100.0,100.0,66.67,100.0,100.0,50.0,100.0,100.0,100.0,100.0,100.0,100.0,100.0,100.0,100.0,100.0,100.0,100.0,100.0,100.0,100.0,100.0,100.0,100.0,100.0,100.0,55.56,100.0,100.0,100.0,100.0,100.0,100.0,100.0,100.0,100.0,100.0,100.0,100.0,100.0,100.0,100.0,100.0,100.0,50.0,100.0,100.0,100.0,100.0,100.0,100.0,100.0,100.0,0.0,100.0,100.0,100.0,100.0
100.0,100.0,50.0,100.0,100.0,100.0,100.0,100.0,100.0,100.0,100.0,100.0,100.0,100.0,100.0,100.0,100.0,100.0,100.0,100.0,100.0,100.0,100.0,100.0,100.0,100.0,100.0,100.0,100.0,100.0,100.0,100.0,100.0,100.0,100.0,100.0,0.0,100.0,100.0,100.0,100.0,100.0,100.0,100.0,100.0,100.0,100.0,100.0,100.0,100.0,100.0,100.0,100.0,100.0,100.0,100.0,100.0,100.0,100.0,100.0,100.0,100.0,100.0,100.0,100.0,50.0,100.0,0.0,100.0,100.0,100.0,0.0,100.0,100.0,100.0,100.0,100.0,100.0,100.0,0.0,100.0,100.0,100.0,100.0,50.0,100.0,100.0,50.0,100.0,100.0,100.0,100.0,100.0,100.0,100.0,100.0,100.0,100.0,100.0,100.0,100.0,100.0,100.0,100.0,100.0,100.0,100.0,100.0,50.0,100.0,100.0,100.0,100.0,100.0,100.0,100.0,100.0,100.0,100.0,100.0,100.0,100.0,100.0,100.0,100.0,100.0,100.0,100.0,100.0,100.0,100.0,100.0,100.0,100.0,100.0,0.0,100.0,100.0,100.0,100.0
100.0,100.0,50.0,100.0,100.0,100.0,100.0,100.0,100.0,100.0,100.0,100.0,100.0,100.0,100.0,100.0,100.0,100.0,100.0,100.0,100.0,100.0,100.0,100.0,100.0,100.0,100.0,100.0,100.0,100.0,100.0,100.0,100.0,100.0,100.0,100.0,0.0,100.0,100.0,100.0,100.0,100.0,100.0,100.0,100.0,100.0,100.0,100.0,100.0,100.0,100.0,100.0,100.0,100.0,100.0,100.0,100.0,100.0,100.0,100.0,100.0,100.0,100.0,100.0,100.0,50.0,100.0,0.0,100.0,100.0,100.0,0.0,100.0,100.0,100.0,100.0,100.0,100.0,100.0,0.0,100.0,100.0,100.0,100.0,50.0,100.0,100.0,50.0,100.0,100.0,100.0,100.0,100.0,100.0,100.0,100.0,100.0,100.0,100.0,100.0,100.0,100.0,100.0,100.0,100.0,100.0,100.0,100.0,50.0,100.0,100.0,100.0,100.0,100.0,100.0,100.0,100.0,100.0,100.0,100.0,100.0,100.0,100.0,100.0,100.0,100.0,100.0,100.0,100.0,100.0,100.0,100.0,100.0,100.0,100.0,0.0,100.0,100.0,100.0,100.0
100.0,100.0,50.0,100.0,100.0,100.0,100.0,100.0,100.0,100.0,100.0,100.0,100.0,100.0,100.0,100.0,100.0,100.0,100.0,100.0,100.0,100.0,100.0,100.0,100.0,100.0,100.0,100.0,100.0,100.0,100.0,100.0,100.0,100.0,100.0,100.0,0.0,100.0,100.0,100.0,100.0,100.0,100.0,100.0,100.0,100.0,100.0,100.0,100.0,100.0,100.0,100.0,100.0,100.0,100.0,100.0,100.0,100.0,100.0,100.0,100.0,100.0,100.0,100.0,100.0,50.0,100.0,0.0,100.0,100.0,100.0,0.0,100.0,100.0,100.0,100.0,100.0,100.0,100.0,0.0,100.0,100.0,100.0,100.0,50.0,100.0,100.0,50.0,100.0,100.0,100.0,100.0,100.0,100.0,100.0,100.0,100.0,100.0,100.0,100.0,100.0,100.0,100.0,100.0,100.0,100.0,100.0,100.0,50.0,100.0,100.0,100.0,100.0,100.0,100.0,100.0,100.0,100.0,100.0,100.0,100.0,100.0,100.0,100.0,100.0,100.0,100.0,100.0,100.0,100.0,100.0,100.0,100.0,100.0,100.0,0.0,100.0,100.0,100.0,100.0
99.26,100.0,85.39,99.56,99.71,99.68,99.31,97.21,100.0,90.14,99.61,100.0,100.0,99.23,97.17,100.0,99.67,97.98,99.71,99.69,99.77,100.0,99.41,99.28,99.19,100.0,99.31,98.11,99.31,99.74,99.66,99.71,100.0,100.0,99.59,99.38,14.01,98.7,99.25,100.0,99.71,99.56,96.8,99.73,95.09,79.1,99.69,97.51,98.27,97.42,98.86,95.41,98.77,99.01,99.69,99.69,99.74,99.59,99.74,99.7,98.41,100.0,99.58,93.74,99.71,21.25,98.84,7.25,100.0,99.31,98.41,8.92,96.81,95.82,100.0,95.9,99.69,95.13,99.69,3.21,96.46,97.88,99.16,100.0,88.83,96.41,100.0,69.77,98.89,99.61,98.42,99.64,92.41,99.61,100.0,99.66,97.84,99.42,98.71,94.79,81.27,97.29,98.71,99.61,95.92,94.06,99.25,93.81,13.48,95.46,98.28,97.46,99.69,97.55,77.68,98.15,100.0,99.64,96.73,99.55,100.0,95.66,99.12,96.02,98.38,99.69,96.13,99.13,95.49,100.0,99.59,99.66,97.27,97.44,100.0,0.83,100.0,99.09,99.26,100.0
99.29,100.0,85.51,99.58,99.73,99.69,99.34,97.08,100.0,90.08,99.63,100.0,100.0,99.19,97.23,100.0,99.68,98.02,99.73,99.7,99.75,100.0,99.42,99.27,99.21,100.0,99.34,98.16,99.34,99.75,99.67,99.73,100.0,100.0,99.61,99.37,14.33,98.75,99.24,100.0,99.72,99.56,96.78,99.73,95.03,77.89,99.7,97.6,98.35,97.4,98.87,95.54,98.69,99.04,99.7,99.7,99.75,99.61,100.0,99.71,98.46,100.0,99.54,93.96,99.73,20.98,98.79,7.21,100.0,99.34,98.46,8.9,96.77,95.75,100.0,95.71,99.7,95.15,99.7,3.19,96.47,97.89,99.18,100.0,88.9,96.22,100.0,71.77,98.81,99.62,98.29,99.65,92.45,99.63,100.0,99.67,97.81,99.37,98.75,94.87,81.78,97.23,98.75,99.62,95.75,94.12,99.27,93.86,13.64,95.53,98.21,97.37,99.7,97.5,78.15,98.06,100.0,99.65,96.59,99.56,100.0,95.59,99.13,96.06,98.36,99.7,96.25,99.16,95.58,100.0,99.61,99.67,97.27,97.39,100.0,0.87,100.0,99.13,99.29,100.0
99.52,100.0,79.95,99.71,100.0,100.0,99.5,95.88,100.0,87.77,99.75,100.0,100.0,98.48,97.97,100.0,99.72,98.68,100.0,100.0,99.4,100.0,99.49,99.15,99.48,100.0,99.5,98.5,99.5,100.0,99.71,100.0,100.0,100.0,99.73,98.47,14.14,99.33,99.22,100.0,100.0,99.55,96.85,100.0,95.09,57.14,100.0,98.57,98.85,97.55,99.01,96.77,97.5,99.37,100.0,100.0,100.0,99.73,100.0,100.0,98.84,100.0,98.89,95.58,100.0,21.02,98.22,6.74,100.0,99.5,98.84,11.11,96.32,95.61,100.0,94.91,100.0,95.68,100.0,2.91,96.96,97.95,99.41,100.0,82.79,94.99,100.0,87.03,97.59,99.68,96.69,99.74,93.9,99.74,100.0,99.71,97.58,98.65,99.11,95.26,85.38,96.66,99.11,99.68,94.75,94.89,99.49,94.32,20.18,96.08,97.2,95.7,100.0,97.15,82.72,97.15,100.0,99.74,95.73,99.68,100.0,95.24,99.03,96.94,98.21,100.0,96.85,99.42,96.21,100.0,99.73,99.71,97.25,96.77,100.0,1.32,100.0,99.45,99.52,100.0
99.52,100.0,80.8,99.71,100.0,100.0,99.52,96.03,100.0,88.92,100.0,100.0,100.0,98.57,98.0,100.0,99.73,98.65,100.0,100.0,99.46,100.0,99.5,99.17,99.47,100.0,99.52,98.59,99.52,100.0,99.73,100.0,100.0,100.0,99.74,98.69,14.61,99.3,99.22,100.0,100.0,99.59,96.73,100.0,95.06,60.59,100.0,98.53,98.87,97.51,98.99,96.72,97.58,99.36,100.0,100.0,100.0,99.74,100.0,100.0,98.88,100.0,98.96,95.39,100.0,20.58,98.23,6.75,100.0,99.52,98.88,10.45,96.32,95.55,100.0,94.93,100.0,95.54,100.0,2.96,97.1,97.92,99.43,100.0,83.73,95.07,100.0,85.89,97.69,99.7,96.9,100.0,93.32,99.74,100.0,99.73,97.58,98.73,99.14,95.24,85.35,96.73,99.14,99.7,94.84,94.62,99.48,94.15,19.68,96.17,97.23,96.17,100.0,97.15,82.37,97.12,100.0,100.0,95.76,99.69,100.0,95.22,99.12,97.02,98.21,100.0,96.75,99.43,96.1,100.0,99.74,99.73,97.23,96.81,100.0,1.3,100.0,99.45,99.52,100.0
99.5,100.0,81.92,99.7,100.0,100.0,99.51,96.17,100.0,89.43,99.74,100.0,100.0,98.66,97.96,100.0,99.72,98.57,100.0,100.0,99.51,100.0,99.49,99.17,99.45,100.0,99.51,98.57,99.51,100.0,99.73,100.0,100.0,100.0,99.73,98.86,14.95,99.25,99.21,100.0,100.0,99.61,96.66,100.0,95.04,63.65,100.0,98.46,98.82,97.49,98.97,96.63,97.7,99.34,100.0,100.0,100.0,99.73,100.0,100.0,98.82,100.0,99.04,95.22,100.0,20.57,98.28,6.86,100.0,99.51,98.82,10.13,96.36,95.54,100.0,94.99,100.0,95.44,100.0,2.99,97.01,97.9,99.42,100.0,84.75,95.17,100.0,84.62,97.83,99.7,97.09,99.74,93.04,99.73,100.0,99.73,97.58,98.82,99.14,95.2,85.25,96.79,99.14,99.7,94.92,94.52,99.45,94.02,18.77,96.18,97.31,96.49,100.0,97.15,81.64,97.2,100.0,99.74,95.83,99.68,100.0,95.22,99.14,96.87,98.22,100.0,96.68,99.41,96.02,100.0,99.73,99.73,97.21,96.85,100.0,1.26,100.0,99.42,99.5,100.0
100.0,100.0,100.0,100.0,100.0,100.0,100.0,100.0,100.0,99.56,100.0,100.0,100.0,100.0,100.0,100.0,100.0,100.0,100.0,100.0,100.0,100.0,100.0,100.0,100.0,100.0,100.0,100.0,100.0,100.0,100.0,100.0,100.0,100.0,100.0,99.3,0.0,100.0,100.0,100.0,100.0,100.0,100.0,100.0,100.0,0.0,100.0,100.0,100.0,100.0,100.0,100.0,100.0,100.0,100.0,100.0,100.0,100.0,100.0,100.0,100.0,100.0,100.0,100.0,100.0,40.79,100.0,5.19,100.0,100.0,100.0,2.9,100.0,100.0,100.0,100.0,100.0,100.0,100.0,0.0,98.18,100.0,100.0,100.0,100.0,100.0,100.0,100.0,100.0,100.0,100.0,100.0,100.0,100.0,100.0,100.0,100.0,100.0,100.0,100.0,100.0,100.0,100.0,100.0,100.0,100.0,100.0,100.0,0.0,100.0,100.0,98.69,100.0,100.0,99.99,100.0,100.0,100.0,100.0,100.0,100.0,100.0,100.0,98.69,100.0,100.0,100.0,100.0,100.0,100.0,100.0,100.0,100.0,100.0,100.0,0.0,100.0,100.0,100.0,100.0
100.0,100.0,100.0,100.0,100.0,100.0,100.0,100.0,100.0,99.56,100.0,100.0,100.0,100.0,100.0,100.0,100.0,100.0,100.0,100.0,100.0,100.0,100.0,100.0,100.0,100.0,100.0,100.0,100.0,100.0,100.0,100.0,100.0,100.0,100.0,99.3,0.0,100.0,100.0,100.0,100.0,100.0,100.0,100.0,100.0,0.0,100.0,100.0,100.0,100.0,100.0,100.0,100.0,100.0,100.0,100.0,100.0,100.0,100.0,100.0,100.0,100.0,100.0,100.0,100.0,40.79,100.0,5.19,100.0,100.0,100.0,2.9,100.0,100.0,100.0,100.0,100.0,100.0,100.0,0.0,98.18,100.0,100.0,100.0,100.0,100.0,100.0,100.0,100.0,100.0,100.0,100.0,100.0,100.0,100.0,100.0,100.0,100.0,100.0,100.0,100.0,100.0,100.0,100.0,100.0,100.0,100.0,100.0,0.0,100.0,100.0,98.69,100.0,100.0,99.99,100.0,100.0,100.0,100.0,100.0,100.0,100.0,100.0,98.69,100.0,100.0,100.0,100.0,100.0,100.0,100.0,100.0,100.0,100.0,100.0,0.0,100.0,100.0,100.0,100.0
100.0,100.0,100.0,100.0,100.0,100.0,100.0,100.0,100.0,99.56,100.0,100.0,100.0,100.0,100.0,100.0,100.0,100.0,100.0,100.0,100.0,100.0,100.0,100.0,100.0,100.0,100.0,100.0,100.0,100.0,100.0,100.0,100.0,100.0,100.0,99.3,0.0,100.0,100.0,100.0,100.0,100.0,100.0,100.0,100.0,0.0,100.0,100.0,100.0,100.0,100.0,100.0,100.0,100.0,100.0,100.0,100.0,100.0,100.0,100.0,100.0,100.0,100.0,100.0,100.0,40.79,100.0,5.19,100.0,100.0,100.0,2.9,100.0,100.0,100.0,100.0,100.0,100.0,100.0,0.0,98.18,100.0,100.0,100.0,100.0,100.0,100.0,100.0,100.0,100.0,100.0,100.0,100.0,100.0,100.0,100.0,100.0,100.0,100.0,100.0,100.0,100.0,100.0,100.0,100.0,100.0,100.0,100.0,0.0,100.0,100.0,98.69,100.0,100.0,99.99,100.0,100.0,100.0,100.0,100.0,100.0,100.0,100.0,98.69,100.0,100.0,100.0,100.0,100.0,100.0,100.0,100.0,100.0,100.0,100.0,0.0,100.0,100.0,100.0,100.0
100.0,100.0,100.0,100.0,100.0,100.0,100.0,100.0,100.0,99.56,100.0,100.0,100.0,100.0,100.0,100.0,100.0,100.0,100.0,100.0,100.0,100.0,100.0,100.0,100.0,100.0,100.0,100.0,100.0,100.0,100.0,100.0,100.0,100.0,100.0,99.3,0.0,100.0,100.0,100.0,100.0,100.0,100.0,100.0,100.0,0.0,100.0,100.0,100.0,100.0,100.0,100.0,100.0,100.0,100.0,100.0,100.0,100.0,100.0,100.0,100.0,100.0,100.0,100.0,100.0,40.79,100.0,5.19,100.0,100.0,100.0,2.9,100.0,100.0,100.0,100.0,100.0,100.0,100.0,0.0,98.18,100.0,100.0,100.0,100.0,100.0,100.0,100.0,100.0,100.0,100.0,100.0,100.0,100.0,100.0,100.0,100.0,100.0,100.0,100.0,100.0,100.0,100.0,100.0,100.0,100.0,100.0,100.0,0.0,100.0,100.0,98.69,100.0,100.0,99.99,100.0,100.0,100.0,100.0,100.0,100.0,100.0,100.0,98.69,100.0,100.0,100.0,100.0,100.0,100.0,100.0,100.0,100.0,100.0,100.0,0.0,100.0,100.0,100.0,100.0
100.0,100.0,100.0,100.0,100.0,100.0,100.0,100.0,100.0,99.56,100.0,100.0,100.0,100.0,100.0,100.0,100.0,100.0,100.0,100.0,100.0,100.0,100.0,100.0,100.0,100.0,100.0,100.0,100.0,100.0,100.0,100.0,100.0,100.0,100.0,99.3,0.0,100.0,100.0,100.0,100.0,100.0,100.0,100.0,100.0,0.0,100.0,100.0,100.0,100.0,100.0,100.0,100.0,100.0,100.0,100.0,100.0,100.0,100.0,100.0,100.0,100.0,100.0,100.0,100.0,40.79,100.0,5.19,100.0,100.0,100.0,2.9,100.0,100.0,100.0,100.0,100.0,100.0,100.0,0.0,98.18,100.0,100.0,100.0,100.0,100.0,100.0,100.0,100.0,100.0,100.0,100.0,100.0,100.0,100.0,100.0,100.0,100.0,100.0,100.0,100.0,100.0,100.0,100.0,100.0,100.0,100.0,100.0,0.0,100.0,100.0,98.69,100.0,100.0,99.99,100.0,100.0,100.0,100.0,100.0,100.0,100.0,100.0,98.69,100.0,100.0,100.0,100.0,100.0,100.0,100.0,100.0,100.0,100.0,100.0,0.0,100.0,100.0,100.0,100.0
98.34,99.06,58.03,98.64,98.73,98.16,98.32,67.04,98.7,95.96,98.13,98.99,98.88,98.26,93.31,98.7,97.22,84.63,98.73,98.98,93.67,98.7,82.66,95.33,97.83,99.01,98.32,98.08,98.32,98.88,98.79,98.73,98.99,99.01,98.54,78.62,11.33,96.67,97.3,98.64,97.98,96.34,97.99,97.44,94.28,39.83,98.98,84.82,97.77,95.95,95.64,87.35,99.08,94.38,98.98,98.98,98.88,98.54,98.65,98.26,97.91,98.7,97.33,91.85,98.73,73.0,98.68,53.35,99.01,98.32,97.91,62.38,92.04,99.23,98.84,99.6,98.43,92.54,98.98,13.83,97.53,95.97,94.05,98.7,28.92,98.99,98.64,88.82,99.08,98.42,95.45,98.5,93.56,98.41,99.01,98.79,96.21,98.67,89.88,79.08,62.75,95.54,89.88,98.42,99.42,95.47,95.71,95.37,64.76,76.46,98.73,93.25,98.98,92.49,97.66,98.46,98.7,98.5,99.52,98.7,98.64,99.16,97.41,97.44,80.98,98.98,97.35,97.74,97.52,98.64,98.54,98.79,97.82,97.78,99.01,2.53,99.01,97.85,98.34,99.01
98.34,99.06,58.03,98.64,98.73,98.16,98.32,67.04,98.7,95.96,98.13,98.99,98.88,98.26,93.31,98.7,97.22,84.63,98.73,98.98,93.67,98.7,82.66,95.33,97.83,99.01,98.32,98.08,98.32,98.88,98.79,98.73,98.99,99.01,98.54,78.62,11.33,96.67,97.3,98.64,97.98,96.34,97.99,97.44,94.28,39.83,98.98,84.82,97.77,95.95,95.64,87.35,99.08,94.38,98.98,98.98,98.88,98.54,98.65,98.26,97.91,98.7,97.33,91.85,98.73,73.0,98.68,53.35,99.01,98.32,97.91,62.38,92.04,99.23,98.84,99.6,98.43,92.54,98.98,13.83,97.53,95.97,94.05,98.7,28.92,98.99,98.64,88.82,99.08,98.42,95.45,98.5,93.56,98.41,99.01,98.79,96.21,98.67,89.88,79.08,62.75,95.54,89.88,98.42,99.42,95.47,95.71,95.37,64.76,76.46,98.73,93.26,98.98,92.49,97.66,98.46,98.7,98.5,99.52,98.7,98.64,99.16,97.41,97.44,80.98,98.98,97.35,97.74,97.52,98.64,98.54,98.79,97.82,97.78,99.01,2.53,99.01,97.85,98.34,99.01
98.49,99.19,63.55,98.94,98.91,98.32,98.42,73.6,98.86,95.8,98.48,99.15,99.05,98.61,93.47,98.86,97.76,85.3,98.91,99.19,94.64,98.86,83.51,96.19,98.21,99.19,98.42,98.1,98.42,99.08,99.0,98.91,99.15,99.19,98.71,80.06,10.76,97.0,97.9,98.77,98.38,96.76,98.27,97.66,94.81,39.29,99.19,85.51,97.96,96.72,96.49,88.39,99.22,95.19,99.19,99.19,99.08,98.71,98.77,98.46,98.04,98.86,97.71,92.06,98.91,73.09,98.86,55.32,99.19,98.42,98.04,62.52,92.92,99.39,98.98,99.69,98.64,93.47,99.19,12.24,97.63,96.52,94.75,98.86,28.78,99.12,98.77,88.54,99.22,98.52,95.83,98.64,94.38,98.59,99.19,99.0,96.78,98.93,90.19,78.13,63.8,96.42,90.19,98.52,99.53,95.96,95.88,95.59,62.95,78.98,98.85,93.69,99.19,93.46,97.53,98.64,98.86,98.64,99.61,98.96,98.77,99.28,97.4,97.57,83.49,99.19,97.52,97.85,97.63,98.77,98.71,99.0,98.25,98.17,99.19,2.16,99.19,98.02,98.49,99.19
98.49,99.19,63.55,98.94,98.91,98.32,98.42,73.61,98.86,95.8,98.48,99.15,99.05,98.61,93.47,98.86,97.76,85.3,98.91,99.19,94.63,98.86,83.51,96.19,98.21,99.19,98.42,98.1,98.42,99.08,99.0,98.91,99.15,99.19,98.71,80.06,10.76,97.0,97.9,98.77,98.38,96.76,98.27,97.66,94.81,39.29,99.19,85.51,97.96,96.72,96.49,88.39,99.22,95.19,99.19,99.19,99.08,98.71,98.77,98.46,98.04,98.86,97.71,92.06,98.91,73.09,98.86,55.32,99.19,98.42,98.04,62.52,92.92,99.39,98.98,99.69,98.64,93.47,99.19,12.24,97.63,96.52,94.75,98.86,28.77,99.12,98.77,88.54,99.22,98.52,95.83,98.64,94.39,98.59,99.19,99.0,96.78,98.93,90.19,78.13,63.8,96.42,90.19,98.52,99.53,95.96,95.88,95.59,62.95,78.97,98.85,93.69,99.19,93.46,97.53,98.64,98.86,98.64,99.61,98.96,98.77,99.28,97.4,97.57,83.49,99.19,97.52,97.85,97.63,98.77,98.71,99.0,98.25,98.17,99.19,2.16,99.19,98.02,98.49,99.19
98.49,99.19,63.55,98.94,98.91,98.32,98.42,73.61,98.86,95.8,98.48,99.15,99.05,98.61,93.47,98.86,97.76,85.3,98.91,99.19,94.63,98.86,83.51,96.19,98.21,99.19,98.42,98.1,98.42,99.08,99.0,98.91,99.15,99.19,98.71,80.06,10.76,97.0,97.9,98.77,98.38,96.76,98.27,97.66,94.81,39.29,99.19,85.51,97.96,96.72,96.49,88.39,99.22,95.19,99.19,99.19,99.08,98.71,98.77,98.46,98.04,98.86,97.71,92.06,98.91,73.09,98.86,55.32,99.19,98.42,98.04,62.52,92.92,99.39,98.98,99.69,98.64,93.47,99.19,12.24,97.63,96.52,94.75,98.86,28.77,99.12,98.77,88.54,99.22,98.52,95.83,98.64,94.39,98.59,99.19,99.0,96.78,98.93,90.19,78.13,63.8,96.42,90.19,98.52,99.53,95.96,95.88,95.59,62.95,78.97,98.85,93.69,99.19,93.46,97.53,98.64,98.86,98.64,99.61,98.96,98.77,99.28,97.4,97.57,83.49,99.19,97.52,97.85,97.63,98.77,98.71,99.0,98.25,98.17,99.19,2.16,99.19,98.02,98.49,99.19
97.55,98.84,70.57,99.41,98.78,97.45,96.83,98.36,98.41,84.85,99.1,98.97,98.88,99.59,91.13,98.41,98.96,91.46,98.78,99.39,97.37,98.41,94.12,98.16,98.51,99.21,96.83,94.27,96.83,99.14,99.0,98.78,98.97,99.21,98.27,93.23,29.22,96.76,99.33,97.93,99.22,97.1,99.48,97.65,99.45,60.63,99.39,92.55,96.66,99.53,98.43,91.1,99.92,98.06,99.39,99.39,99.14,98.27,98.09,98.04,95.3,98.41,98.89,97.06,98.78,39.33,99.25,25.18,99.21,96.83,95.3,32.72,98.11,99.98,98.54,100.0,98.46,95.2,99.39,10.52,92.95,95.61,97.48,98.41,23.64,99.96,97.93,90.52,99.93,97.09,99.5,97.75,98.96,97.97,99.21,99.0,97.73,99.82,93.6,88.7,60.65,99.63,93.6,97.09,99.99,99.2,95.61,99.06,52.91,77.43,99.83,93.35,99.39,97.75,92.31,99.49,98.41,97.75,99.99,99.16,97.93,99.99,92.98,94.51,91.76,99.39,99.05,96.1,98.75,97.93,98.27,99.0,99.14,99.28,99.21,1.39,99.21,96.99,97.55,99.21
95.98,97.72,57.16,98.29,97.43,95.85,95.34,94.33,97.01,85.95,97.66,97.79,97.61,98.82,89.28,97.01,97.13,87.4,97.43,98.37,95.25,97.01,89.1,96.35,96.73,98.1,95.34,93.29,95.34,97.95,97.68,97.43,97.79,98.1,96.78,87.5,29.27,94.52,97.83,96.53,97.72,94.76,99.21,95.67,99.14,57.48,98.37,88.2,94.76,98.59,96.36,89.82,99.81,95.26,98.37,98.37,97.95,96.78,96.71,96.42,93.74,97.01,98.22,96.68,97.43,45.71,98.77,28.36,98.1,95.34,93.74,37.73,97.77,99.94,97.23,99.98,96.87,94.09,98.37,13.34,92.24,94.5,94.51,97.01,26.63,99.91,96.53,93.98,99.84,95.67,99.56,96.26,97.22,96.39,98.1,97.68,96.91,99.53,90.27,90.97,62.8,98.94,90.27,95.67,99.97,98.76,93.19,99.04,59.89,74.18,99.71,89.89,98.37,97.04,92.18,99.16,97.01,96.26,99.97,97.94,96.53,99.96,92.65,93.28,86.76,98.37,98.48,94.44,98.48,96.53,96.78,97.68,98.35,99.12,98.1,3.08,98.1,95.2,95.98,98.1
97.54,98.83,69.69,99.4,98.76,97.45,96.82,98.27,98.4,84.96,99.09,98.96,98.87,99.57,91.19,98.4,98.94,91.48,98.76,99.38,97.28,98.4,94.06,98.11,98.5,99.2,96.82,94.27,96.82,99.13,99.0,98.76,98.96,99.2,98.25,93.15,29.42,96.76,99.31,97.92,99.2,97.1,99.47,97.63,99.45,60.4,99.38,92.57,96.65,99.53,98.4,91.14,99.92,98.04,99.38,99.38,99.13,98.25,98.09,98.03,95.3,98.4,98.86,97.11,98.76,39.16,99.23,25.04,99.2,96.82,95.3,32.58,98.09,99.98,98.53,100.0,98.45,95.15,99.38,10.53,92.97,95.52,97.46,98.4,23.65,99.96,97.92,90.61,99.93,97.08,99.49,97.74,98.94,97.96,99.2,99.0,97.68,99.82,93.59,88.93,60.76,99.63,93.59,97.08,99.99,99.2,95.6,99.05,53.38,77.36,99.83,93.35,99.38,97.72,92.21,99.48,98.4,97.74,99.99,99.15,97.92,99.98,92.97,94.51,91.73,99.38,99.03,96.1,98.73,97.92,98.25,99.0,99.11,99.26,99.2,1.44,99.2,96.97,97.54,99.2
93.75,95.97,43.13,95.29,94.95,93.88,93.59,83.35,94.82,88.01,94.29,95.71,95.34,96.91,88.12,94.82,92.29,82.11,94.95,95.93,92.3,94.82,80.94,93.63,93.63,95.82,93.59,92.7,93.59,95.46,95.04,94.95,95.71,95.82,94.38,78.21,28.29,91.51,93.34,94.68,93.84,91.43,98.94,92.46,98.67,55.76,95.93,82.41,92.02,95.74,92.43,89.44,99.62,89.02,95.93,95.93,95.46,94.38,94.74,94.04,91.78,94.82,97.56,96.61,94.95,54.39,98.29,31.41,95.82,93.59,91.78,43.93,97.75,99.79,95.22,99.93,94.02,92.92,95.93,15.9,91.49,93.94,88.75,94.82,31.19,99.85,94.68,96.75,99.69,94.08,99.72,94.24,92.83,93.88,95.82,95.04,96.23,98.87,85.97,93.31,64.0,96.84,85.97,94.08,99.87,98.32,89.72,99.21,64.33,71.94,99.57,86.14,95.93,96.22,92.68,98.8,94.82,94.24,99.93,95.15,94.68,99.91,92.88,91.7,78.06,95.93,97.99,92.64,98.45,94.68,94.38,95.04,97.46,99.17,95.82,5.99,95.82,92.83,93.75,95.82
96.07,97.78,57.44,98.37,97.51,95.93,95.42,94.53,97.09,85.94,97.75,97.85,97.69,98.85,89.34,97.09,97.25,87.61,97.51,98.43,95.33,97.09,89.4,96.4,96.82,98.16,95.42,93.34,95.42,98.02,97.76,97.51,97.85,98.16,96.87,87.82,29.32,94.63,97.92,96.6,97.82,94.87,99.22,95.79,99.15,57.42,98.43,88.43,94.88,98.66,96.46,89.8,99.82,95.44,98.43,98.43,98.02,96.87,96.79,96.51,93.83,97.09,98.24,96.68,97.51,45.27,98.79,28.12,98.16,95.42,93.83,37.39,97.8,99.94,97.29,99.98,96.97,94.12,98.43,13.21,92.27,94.52,94.68,97.09,26.55,99.91,96.6,93.81,99.85,95.74,99.54,96.34,97.35,96.48,98.16,97.76,96.91,99.55,90.45,90.85,62.78,98.99,90.45,95.74,99.97,98.79,93.34,99.04,59.63,74.07,99.71,90.04,98.43,97.07,92.17,99.17,97.09,96.34,99.97,98.01,96.6,99.96,92.64,93.34,87.09,98.43,98.5,94.52,98.48,96.6,96.87,97.76,98.38,99.12,98.16,3.0,98.16,95.29,96.07,98.16
100.0,100.0,5.58,100.0,100.0,100.0,100.0,97.4,100.0,99.93,100.0,100.0,100.0,100.0,99.99,100.0,100.0,99.99,100.0,100.0,99.98,100.0,99.99,100.0,100.0,100.0,100.0,100.0,100.0,100.0,100.0,100.0,100.0,100.0,100.0,99.98,18.36,100.0,100.0,100.0,100.0,100.0,100.0,100.0,100.0,87.56,100.0,99.99,100.0,100.0,100.0,99.93,100.0,100.0,100.0,100.0,100.0,100.0,100.0,100.0,100.0,100.0,100.0,100.0,100.0,3.99,100.0,0.5,100.0,100.0,100.0,1.81,100.0,100.0,100.0,100.0,100.0,99.93,100.0,0.19,100.0,99.95,100.0,100.0,0.11,100.0,100.0,99.65,100.0,100.0,100.0,100.0,100.0,100.0,100.0,100.0,100.0,100.0,99.99,99.75,77.26,100.0,99.99,100.0,100.0,100.0,100.0,100.0,98.14,89.69,100.0,99.99,100.0,100.0,99.98,100.0,100.0,100.0,100.0,100.0,100.0,100.0,99.99,100.0,99.96,100.0,100.0,100.0,100.0,100.0,100.0,100.0,100.0,100.0,100.0,0.0,100.0,100.0,100.0,100.0
100.0,100.0,5.9,100.0,100.0,100.0,100.0,100.0,100.0,100.0,100.0,100.0,100.0,100.0,100.0,100.0,100.0,100.0,100.0,100.0,100.0,100.0,100.0,100.0,100.0,100.0,100.0,100.0,100.0,100.0,100.0,100.0,100.0,100.0,100.0,100.0,14.05,100.0,100.0,100.0,100.0,100.0,100.0,100.0,100.0,74.9,100.0,100.0,100.0,100.0,100.0,99.98,100.0,100.0,100.0,100.0,100.0,100.0,100.0,100.0,100.0,100.0,100.0,100.0,100.0,1.37,100.0,0.05,100.0,100.0,100.0,0.35,100.0,100.0,100.0,100.0,100.0,100.0,100.0,0.03,100.0,100.0,100.0,100.0,0.68,100.0,100.0,100.0,100.0,100.0,100.0,100.0,100.0,100.0,100.0,100.0,100.0,100.0,100.0,100.0,78.14,100.0,100.0,100.0,100.0,100.0,100.0,100.0,97.83,87.2,100.0,100.0,100.0,100.0,100.0,100.0,100.0,100.0,100.0,100.0,100.0,100.0,100.0,100.0,99.98,100.0,100.0,100.0,100.0,100.0,100.0,100.0,100.0,100.0,100.0,0.0,100.0,100.0,100.0,100.0
100.0,100.0,6.01,100.0,100.0,100.0,100.0,100.0,100.0,100.0,100.0,100.0,100.0,100.0,100.0,100.0,100.0,100.0,100.0,100.0,100.0,100.0,100.0,100.0,100.0,100.0,100.0,100.0,100.0,100.0,100.0,100.0,100.0,100.0,100.0,100.0,14.57,100.0,100.0,100.0,100.0,100.0,100.0,100.0,100.0,76.78,100.0,100.0,100.0,100.0,100.0,99.98,100.0,100.0,100.0,100.0,100.0,100.0,100.0,100.0,100.0,100.0,100.0,100.0,100.0,1.54,100.0,0.06,100.0,100.0,100.0,0.42,100.0,100.0,100.0,100.0,100.0,100.0,100.0,0.03,100.0,100.0,100.0,100.0,0.58,100.0,100.0,100.0,100.0,100.0,100.0,100.0,100.0,100.0,100.0,100.0,100.0,100.0,100.0,100.0,78.17,100.0,100.0,100.0,100.0,100.0,100.0,100.0,97.76,87.5,100.0,100.0,100.0,100.0,100.0,100.0,100.0,100.0,100.0,100.0,100.0,100.0,100.0,100.0,99.98,100.0,100.0,100.0,100.0,100.0,100.0,100.0,100.0,100.0,100.0,0.0,100.0,100.0,100.0,100.0
100.0,100.0,6.01,100.0,100.0,100.0,100.0,100.0,100.0,100.0,100.0,100.0,100.0,100.0,100.0,100.0,100.0,100.0,100.0,100.0,100.0,100.0,100.0,100.0,100.0,100.0,100.0,100.0,100.0,100.0,100.0,100.0,100.0,100.0,100.0,100.0,14.57,100.0,100.0,100.0,100.0,100.0,100.0,100.0,100.0,76.78,100.0,100.0,100.0,100.0,100.0,99.98,100.0,100.0,100.0,100.0,100.0,100.0,100.0,100.0,100.0,100.0,100.0,100.0,100.0,1.54,100.0,0.06,100.0,100.0,100.0,0.42,100.0,100.0,100.0,100.0,100.0,100.0,100.0,0.03,100.0,100.0,100.0,100.0,0.58,100.0,100.0,100.0,100.0,100.0,100.0,100.0,100.0,100.0,100.0,100.0,100.0,100.0,100.0,100.0,78.17,100.0,100.0,100.0,100.0,100.0,100.0,100.0,97.76,87.5,100.0,100.0,100.0,100.0,100.0,100.0,100.0,100.0,100.0,100.0,100.0,100.0,100.0,100.0,99.98,100.0,100.0,100.0,100.0,100.0,100.0,100.0,100.0,100.0,100.0,0.0,100.0,100.0,100.0,100.0
100.0,100.0,5.98,100.0,100.0,100.0,100.0,100.0,100.0,100.0,100.0,100.0,100.0,100.0,100.0,100.0,100.0,100.0,100.0,100.0,100.0,100.0,100.0,100.0,100.0,100.0,100.0,100.0,100.0,100.0,100.0,100.0,100.0,100.0,100.0,100.0,14.44,100.0,100.0,100.0,100.0,100.0,100.0,100.0,100.0,76.34,100.0,100.0,100.0,100.0,100.0,99.98,100.0,100.0,100.0,100.0,100.0,100.0,100.0,100.0,100.0,100.0,100.0,100.0,100.0,1.5,100.0,0.06,100.0,100.0,100.0,0.4,100.0,100.0,100.0,100.0,100.0,100.0,100.0,0.03,100.0,100.0,100.0,100.0,0.6,100.0,100.0,100.0,100.0,100.0,100.0,100.0,100.0,100.0,100.0,100.0,100.0,100.0,100.0,100.0,78.17,100.0,100.0,100.0,100.0,100.0,100.0,100.0,97.77,87.43,100.0,100.0,100.0,100.0,100.0,100.0,100.0,100.0,100.0,100.0,100.0,100.0,100.0,100.0,99.98,100.0,100.0,100.0,100.0,100.0,100.0,100.0,100.0,100.0,100.0,0.0,100.0,100.0,100.0,100.0
100.0,100.0,100.0,100.0,100.0,100.0,100.0,100.0,100.0,95.96,100.0,100.0,100.0,100.0,100.0,100.0,100.0,100.0,100.0,100.0,100.0,100.0,100.0,100.0,100.0,100.0,100.0,100.0,100.0,100.0,100.0,100.0,100.0,100.0,100.0,98.31,0.0,100.0,100.0,100.0,100.0,100.0,100.0,100.0,100.0,0.02,100.0,100.0,100.0,100.0,100.0,100.0,100.0,100.0,100.0,100.0,100.0,100.0,100.0,100.0,100.0,100.0,100.0,100.0,100.0,7.1,100.0,0.26,100.0,100.0,100.0,0.64,100.0,100.0,100.0,100.0,100.0,100.0,100.0,0.0,98.53,100.0,100.0,100.0,100.0,100.0,100.0,100.0,100.0,100.0,100.0,100.0,100.0,100.0,100.0,100.0,100.0,100.0,100.0,100.0,100.0,100.0,100.0,100.0,100.0,100.0,100.0,100.0,0.0,100.0,100.0,99.82,100.0,100.0,98.38,100.0,100.0,100.0,100.0,100.0,100.0,100.0,100.0,98.88,100.0,100.0,100.0,100.0,100.0,100.0,100.0,100.0,100.0,100.0,100.0,0.0,100.0,100.0,100.0,100.0
100.0,100.0,100.0,100.0,100.0,100.0,100.0,100.0,100.0,95.96,100.0,100.0,100.0,100.0,100.0,100.0,100.0,100.0,100.0,100.0,100.0,100.0,100.0,100.0,100.0,100.0,100.0,100.0,100.0,100.0,100.0,100.0,100.0,100.0,100.0,98.31,0.0,100.0,100.0,100.0,100.0,100.0,100.0,100.0,100.0,0.02,100.0,100.0,100.0,100.0,100.0,100.0,100.0,100.0,100.0,100.0,100.0,100.0,100.0,100.0,100.0,100.0,100.0,100.0,100.0,7.1,100.0,0.26,100.0,100.0,100.0,0.64,100.0,100.0,100.0,100.0,100.0,100.0,100.0,0.0,98.53,100.0,100.0,100.0,100.0,100.0,100.0,100.0,100.0,100.0,100.0,100.0,100.0,100.0,100.0,100.0,100.0,100.0,100.0,100.0,100.0,100.0,100.0,100.0,100.0,100.0,100.0,100.0,0.0,100.0,100.0,99.82,100.0,100.0,98.38,100.0,100.0,100.0,100.0,100.0,100.0,100.0,100.0,98.88,100.0,100.0,100.0,100.0,100.0,100.0,100.0,100.0,100.0,100.0,100.0,0.0,100.0,100.0,100.0,100.0
100.0,100.0,100.0,100.0,100.0,100.0,100.0,100.0,100.0,93.66,100.0,100.0,100.0,100.0,100.0,100.0,100.0,100.0,100.0,100.0,100.0,100.0,100.0,100.0,100.0,100.0,100.0,100.0,100.0,100.0,100.0,100.0,100.0,100.0,100.0,97.39,0.01,100.0,100.0,100.0,100.0,100.0,100.0,100.0,100.0,0.03,100.0,100.0,100.0,100.0,100.0,100.0,100.0,100.0,100.0,100.0,100.0,100.0,100.0,100.0,100.0,100.0,100.0,100.0,100.0,6.27,100.0,0.3,100.0,100.0,100.0,0.57,100.0,100.0,100.0,100.0,100.0,100.0,100.0,0.0,96.83,100.0,100.0,100.0,100.0,100.0,100.0,100.0,100.0,100.0,100.0,100.0,100.0,100.0,100.0,100.0,100.0,100.0,100.0,100.0,100.0,100.0,100.0,100.0,100.0,100.0,100.0,100.0,0.0,100.0,100.0,99.68,100.0,100.0,97.62,100.0,100.0,100.0,100.0,100.0,100.0,100.0,100.0,97.39,100.0,100.0,100.0,100.0,100.0,100.0,100.0,100.0,100.0,100.0,100.0,0.0,100.0,100.0,100.0,100.0
100.0,100.0,100.0,100.0,100.0,100.0,100.0,100.0,100.0,93.66,100.0,100.0,100.0,100.0,100.0,100.0,100.0,100.0,100.0,100.0,100.0,100.0,100.0,100.0,100.0,100.0,100.0,100.0,100.0,100.0,100.0,100.0,100.0,100.0,100.0,97.39,0.01,100.0,100.0,100.0,100.0,100.0,100.0,100.0,100.0,0.03,100.0,100.0,100.0,100.0,100.0,100.0,100.0,100.0,100.0,100.0,100.0,100.0,100.0,100.0,100.0,100.0,100.0,100.0,100.0,6.27,100.0,0.3,100.0,100.0,100.0,0.57,100.0,100.0,100.0,100.0,100.0,100.0,100.0,0.0,96.83,100.0,100.0,100.0,100.0,100.0,100.0,100.0,100.0,100.0,100.0,100.0,100.0,100.0,100.0,100.0,100.0,100.0,100.0,100.0,100.0,100.0,100.0,100.0,100.0,100.0,100.0,100.0,0.0,100.0,100.0,99.68,100.0,100.0,97.62,100.0,100.0,100.0,100.0,100.0,100.0,100.0,100.0,97.39,100.0,100.0,100.0,100.0,100.0,100.0,100.0,100.0,100.0,100.0,100.0,0.0,100.0,100.0,100.0,100.0
100.0,100.0,100.0,100.0,100.0,100.0,100.0,100.0,100.0,93.66,100.0,100.0,100.0,100.0,100.0,100.0,100.0,100.0,100.0,100.0,100.0,100.0,100.0,100.0,100.0,100.0,100.0,100.0,100.0,100.0,100.0,100.0,100.0,100.0,100.0,97.39,0.01,100.0,100.0,100.0,100.0,100.0,100.0,100.0,100.0,0.03,100.0,100.0,100.0,100.0,100.0,100.0,100.0,100.0,100.0,100.0,100.0,100.0,100.0,100.0,100.0,100.0,100.0,100.0,100.0,6.27,100.0,0.3,100.0,100.0,100.0,0.57,100.0,100.0,100.0,100.0,100.0,100.0,100.0,0.0,96.83,100.0,100.0,100.0,100.0,100.0,100.0,100.0,100.0,100.0,100.0,100.0,100.0,100.0,100.0,100.0,100.0,100.0,100.0,100.0,100.0,100.0,100.0,100.0,100.0,100.0,100.0,100.0,0.0,100.0,100.0,99.68,100.0,100.0,97.62,100.0,100.0,100.0,100.0,100.0,100.0,100.0,100.0,97.39,100.0,100.0,100.0,100.0,100.0,100.0,100.0,100.0,100.0,100.0,100.0,0.0,100.0,100.0,100.0,100.0
100.0,100.0,68.33,100.0,100.0,100.0,100.0,88.33,100.0,90.0,100.0,100.0,100.0,98.33,98.33,100.0,100.0,93.33,100.0,100.0,95.0,100.0,98.33,98.33,96.67,100.0,100.0,100.0,100.0,100.0,100.0,100.0,100.0,100.0,100.0,93.33,25.0,100.0,98.33,100.0,100.0,95.0,100.0,100.0,98.33,51.67,100.0,100.0,100.0,96.67,96.67,88.33,100.0,100.0,100.0,100.0,100.0,100.0,100.0,100.0,100.0,100.0,96.67,96.67,100.0,20.0,98.33,11.67,100.0,100.0,100.0,31.67,95.0,100.0,100.0,100.0,100.0,86.67,100.0,21.67,95.0,95.0,100.0,100.0,58.33,100.0,100.0,83.33,100.0,100.0,95.0,100.0,90.0,100.0,100.0,100.0,98.33,100.0,100.0,80.0,73.33,93.33,100.0,100.0,100.0,96.67,98.33,96.67,51.67,68.33,100.0,86.67,100.0,98.33,66.67,96.67,100.0,100.0,100.0,100.0,100.0,98.33,95.0,95.0,88.33,100.0,100.0,100.0,100.0,100.0,100.0,100.0,100.0,98.33,100.0,1.67,100.0,100.0,100.0,100.0
100.0,100.0,68.85,100.0,100.0,100.0,100.0,88.52,100.0,88.52,100.0,100.0,100.0,98.36,98.36,100.0,100.0,93.44,100.0,100.0,95.08,100.0,98.36,98.36,96.72,100.0,100.0,100.0,100.0,100.0,100.0,100.0,100.0,100.0,100.0,93.44,24.59,100.0,98.36,100.0,100.0,95.08,100.0,100.0,98.36,52.46,100.0,100.0,100.0,95.08,95.08,88.52,100.0,100.0,100.0,100.0,100.0,100.0,100.0,100.0,100.0,100.0,96.72,96.72,100.0,19.67,98.36,11.48,100.0,100.0,100.0,32.79,95.08,100.0,100.0,100.0,100.0,86.89,100.0,22.95,93.44,95.08,100.0,100.0,59.02,100.0,100.0,83.61,100.0,100.0,95.08,100.0,90.16,100.0,100.0,100.0,98.36,100.0,100.0,80.33,73.77,93.44,100.0,100.0,100.0,96.72,98.36,96.72,50.82,68.85,100.0,86.89,100.0,98.36,67.21,96.72,100.0,100.0,100.0,100.0,100.0,98.36,95.08,93.44,88.52,100.0,100.0,100.0,100.0,100.0,100.0,100.0,100.0,98.36,100.0,1.64,100.0,100.0,100.0,100.0
100.0,100.0,75.61,100.0,100.0,100.0,100.0,96.34,100.0,93.9,100.0,100.0,100.0,98.78,95.12,100.0,100.0,91.46,100.0,100.0,95.12,100.0,96.34,96.34,95.12,100.0,100.0,100.0,100.0,100.0,100.0,100.0,100.0,100.0,100.0,90.24,25.61,100.0,100.0,100.0,100.0,93.9,98.78,100.0,97.56,51.22,100.0,98.78,100.0,100.0,97.56,92.68,100.0,100.0,100.0,100.0,100.0,100.0,100.0,100.0,100.0,100.0,98.78,95.12,100.0,25.61,97.56,18.29,100.0,100.0,100.0,34.15,92.68,100.0,100.0,100.0,100.0,87.8,100.0,18.29,92.68,96.34,100.0,100.0,60.98,100.0,100.0,74.39,100.0,100.0,96.34,100.0,93.9,100.0,100.0,100.0,100.0,100.0,100.0,76.83,74.39,98.78,100.0,100.0,100.0,96.34,98.78,97.56,59.76,82.93,100.0,85.37,100.0,98.78,71.95,95.12,100.0,100.0,100.0,100.0,100.0,100.0,93.9,92.68,90.24,100.0,98.78,100.0,96.34,100.0,100.0,100.0,100.0,100.0,100.0,1.22,100.0,100.0,100.0,100.0
100.0,100.0,75.9,100.0,100.0,100.0,100.0,96.39,100.0,93.98,100.0,100.0,100.0,98.8,95.18,100.0,100.0,91.57,100.0,100.0,93.98,100.0,96.39,96.39,95.18,100.0,100.0,100.0,100.0,100.0,100.0,100.0,100.0,100.0,100.0,89.16,26.51,100.0,100.0,100.0,100.0,93.98,98.8,100.0,97.59,51.81,100.0,98.8,100.0,100.0,97.59,92.77,100.0,100.0,100.0,100.0,100.0,100.0,100.0,100.0,100.0,100.0,98.8,95.18,100.0,25.3,97.59,19.28,100.0,100.0,100.0,33.73,92.77,100.0,100.0,100.0,100.0,87.95,100.0,18.07,92.77,96.39,100.0,100.0,61.45,100.0,100.0,74.7,100.0,100.0,96.39,100.0,93.98,100.0,100.0,100.0,100.0,100.0,100.0,77.11,74.7,98.8,100.0,100.0,100.0,96.39,98.8,97.59,60.24,83.13,100.0,85.54,100.0,98.8,72.29,95.18,100.0,100.0,100.0,100.0,100.0,100.0,93.98,92.77,90.36,100.0,98.8,100.0,96.39,100.0,100.0,100.0,100.0,100.0,100.0,1.2,100.0,100.0,100.0,100.0
100.0,100.0,75.0,100.0,100.0,100.0,100.0,96.43,100.0,94.05,100.0,100.0,100.0,97.62,95.24,100.0,100.0,91.67,100.0,100.0,94.05,100.0,96.43,96.43,95.24,100.0,100.0,100.0,100.0,100.0,100.0,100.0,100.0,100.0,100.0,89.29,27.38,100.0,100.0,100.0,100.0,94.05,98.81,100.0,97.62,52.38,100.0,98.81,100.0,100.0,97.62,92.86,100.0,100.0,100.0,100.0,100.0,100.0,100.0,100.0,100.0,100.0,98.81,95.24,100.0,25.0,97.62,19.05,100.0,100.0,100.0,33.33,92.86,100.0,100.0,100.0,100.0,86.9,100.0,19.05,92.86,96.43,100.0,100.0,61.9,100.0,100.0,73.81,100.0,100.0,96.43,100.0,94.05,100.0,100.0,100.0,100.0,100.0,100.0,77.38,73.81,98.81,100.0,100.0,100.0,96.43,98.81,97.62,60.71,82.14,100.0,85.71,100.0,98.81,72.62,95.24,100.0,100.0,100.0,100.0,100.0,100.0,94.05,92.86,90.48,100.0,98.81,100.0,96.43,100.0,100.0,100.0,100.0,100.0,100.0,1.19,100.0,100.0,100.0,100.0
100.0,100.0,58.82,100.0,100.0,100.0,100.0,94.96,100.0,85.71,100.0,100.0,100.0,94.12,97.48,100.0,100.0,98.32,100.0,100.0,94.12,100.0,92.44,94.12,100.0,100.0,100.0,100.0,100.0,100.0,100.0,100.0,100.0,100.0,100.0,94.96,16.81,100.0,99.16,100.0,100.0,98.32,99.16,100.0,100.0,56.3,100.0,100.0,100.0,99.16,99.16,91.6,100.0,100.0,100.0,100.0,100.0,100.0,100.0,100.0,100.0,100.0,98.32,97.48,100.0,41.18,94.96,36.13,100.0,100.0,100.0,36.97,98.32,100.0,100.0,100.0,100.0,88.24,100.0,14.29,89.08,99.16,100.0,100.0,63.03,100.0,100.0,84.87,100.0,100.0,97.48,100.0,93.28,100.0,100.0,100.0,98.32,100.0,100.0,92.44,78.99,96.64,100.0,100.0,100.0,93.28,97.48,94.12,52.1,91.6,100.0,90.76,100.0,100.0,66.39,96.64,100.0,100.0,100.0,100.0,100.0,100.0,94.96,89.92,97.48,100.0,98.32,100.0,94.96,100.0,100.0,100.0,99.16,99.16,100.0,5.88,100.0,100.0,100.0,100.0
100.0,100.0,59.13,100.0,100.0,100.0,100.0,94.78,100.0,85.22,100.0,100.0,100.0,93.91,97.39,100.0,100.0,98.26,100.0,100.0,93.91,100.0,93.04,93.91,100.0,100.0,100.0,100.0,100.0,100.0,100.0,100.0,100.0,100.0,100.0,94.78,16.52,100.0,99.13,100.0,100.0,98.26,99.13,100.0,100.0,54.78,100.0,100.0,100.0,99.13,99.13,92.17,100.0,100.0,100.0,100.0,100.0,100.0,100.0,100.0,100.0,100.0,98.26,97.39,100.0,40.0,94.78,35.65,100.0,100.0,100.0,36.52,98.26,100.0,100.0,100.0,100.0,88.7,100.0,12.17,89.57,99.13,100.0,100.0,61.74,100.0,100.0,85.22,100.0,100.0,97.39,100.0,93.04,100.0,100.0,100.0,98.26,100.0,100.0,93.04,79.13,96.52,100.0,100.0,100.0,93.04,97.39,93.91,52.17,91.3,100.0,90.43,100.0,100.0,66.09,96.52,100.0,100.0,100.0,100.0,100.0,100.0,94.78,90.43,97.39,100.0,98.26,100.0,94.78,100.0,100.0,100.0,99.13,99.13,100.0,6.09,100.0,100.0,100.0,100.0
100.0,100.0,58.54,100.0,100.0,100.0,100.0,95.12,100.0,86.18,100.0,100.0,100.0,93.5,97.56,100.0,100.0,98.37,100.0,100.0,94.31,100.0,92.68,94.31,100.0,100.0,100.0,100.0,100.0,100.0,100.0,100.0,100.0,100.0,100.0,93.5,16.26,100.0,99.19,100.0,100.0,98.37,99.19,100.0,100.0,56.1,100.0,100.0,100.0,99.19,99.19,91.87,100.0,100.0,100.0,100.0,100.0,100.0,100.0,100.0,100.0,100.0,98.37,97.56,100.0,40.65,95.12,36.59,100.0,100.0,100.0,36.59,98.37,100.0,100.0,100.0,100.0,88.62,100.0,14.63,88.62,99.19,100.0,100.0,63.41,100.0,100.0,85.37,100.0,100.0,97.56,100.0,92.68,100.0,100.0,100.0,98.37,100.0,100.0,92.68,78.86,96.75,100.0,100.0,100.0,93.5,97.56,94.31,52.85,91.87,100.0,90.24,100.0,100.0,66.67,96.75,100.0,100.0,100.0,100.0,100.0,100.0,95.12,89.43,96.75,100.0,98.37,100.0,94.31,100.0,100.0,100.0,99.19,99.19,100.0,5.69,100.0,100.0,100.0,100.0
100.0,100.0,59.02,100.0,100.0,100.0,100.0,95.08,100.0,86.07,100.0,100.0,100.0,93.44,97.54,100.0,100.0,98.36,100.0,100.0,94.26,100.0,92.62,94.26,100.0,100.0,100.0,100.0,100.0,100.0,100.0,100.0,100.0,100.0,100.0,93.44,16.39,100.0,99.18,100.0,100.0,98.36,99.18,100.0,100.0,55.74,100.0,100.0,100.0,99.18,99.18,91.8,100.0,100.0,100.0,100.0,100.0,100.0,100.0,100.0,100.0,100.0,98.36,97.54,100.0,40.98,95.08,36.89,100.0,100.0,100.0,36.89,98.36,100.0,100.0,100.0,100.0,88.52,100.0,14.75,88.52,99.18,100.0,100.0,63.11,100.0,100.0,85.25,100.0,100.0,97.54,100.0,92.62,100.0,100.0,100.0,98.36,100.0,100.0,92.62,78.69,96.72,100.0,100.0,100.0,93.44,97.54,94.26,52.46,91.8,100.0,90.16,100.0,100.0,66.39,96.72,100.0,100.0,100.0,100.0,100.0,100.0,95.08,89.34,96.72,100.0,98.36,100.0,94.26,100.0,100.0,100.0,99.18,99.18,100.0,5.74,100.0,100.0,100.0,100.0
100.0,100.0,59.5,100.0,100.0,100.0,100.0,95.04,100.0,85.95,100.0,100.0,100.0,93.39,97.52,100.0,100.0,98.35,100.0,100.0,94.21,100.0,92.56,94.21,100.0,100.0,100.0,100.0,100.0,100.0,100.0,100.0,100.0,100.0,100.0,94.21,16.53,100.0,99.17,100.0,100.0,98.35,99.17,100.0,100.0,56.2,100.0,100.0,100.0,99.17,99.17,91.74,100.0,100.0,100.0,100.0,100.0,100.0,100.0,100.0,100.0,100.0,98.35,97.52,100.0,41.32,95.04,37.19,100.0,100.0,100.0,37.19,98.35,100.0,100.0,100.0,100.0,88.43,100.0,14.88,89.26,99.17,100.0,100.0,62.81,100.0,100.0,85.12,100.0,100.0,97.52,100.0,93.39,100.0,100.0,100.0,98.35,100.0,100.0,92.56,78.51,96.69,100.0,100.0,100.0,93.39,97.52,94.21,52.89,91.74,100.0,90.08,100.0,100.0,66.12,96.69,100.0,100.0,100.0,100.0,100.0,100.0,95.04,90.08,96.69,100.0,98.35,100.0,94.21,100.0,100.0,100.0,99.17,99.17,100.0,5.79,100.0,100.0,100.0,100.0
59.88,53.65,51.0,68.53,60.3,56.33,55.9,79.94,56.33,51.6,69.22,67.35,55.19,82.87,56.3,56.33,71.4,52.39,60.3,70.84,85.11,56.33,53.55,72.19,66.32,67.35,55.9,55.9,55.9,59.18,64.91,60.3,67.35,67.35,60.3,53.31,46.65,59.18,74.76,56.33,70.1,66.59,50.15,55.46,67.13,50.11,70.84,53.82,57.23,62.88,73.26,56.59,84.43,68.7,70.84,70.84,59.18,60.3,57.07,56.33,59.88,56.33,58.83,83.27,60.3,45.93,51.7,46.11,67.35,55.9,59.88,45.83,59.17,91.87,55.19,96.01,53.63,64.8,70.84,50.13,56.1,51.05,65.08,56.33,63.64,83.82,56.33,65.05,84.23,56.33,91.13,56.33,89.22,60.3,67.35,64.91,55.33,86.1,53.82,81.29,53.27,94.88,53.82,56.33,97.42,62.93,59.76,81.9,32.53,68.4,56.32,67.33,70.84,69.33,53.4,67.47,56.33,56.33,96.11,70.84,56.33,96.12,55.49,60.07,53.12,70.84,71.09,55.9,52.36,56.33,60.3,64.91,73.44,68.59,67.35,43.63,67.35,59.88,59.88,67.35
59.08,53.63,56.21,66.75,59.44,55.97,55.59,79.67,55.97,51.84,67.37,65.69,54.97,83.24,55.95,55.97,69.34,52.53,59.44,68.83,82.27,55.97,53.54,69.56,64.78,65.69,55.59,55.59,55.59,58.47,63.52,59.44,65.69,65.69,59.44,52.84,46.58,58.46,71.94,55.97,68.16,65.01,50.13,55.2,65.09,50.05,68.83,53.33,56.76,61.16,70.54,55.61,81.59,66.51,68.83,68.83,58.47,59.44,56.62,55.97,59.08,55.97,58.68,80.13,59.44,46.45,51.98,46.16,65.69,55.59,59.08,45.92,57.78,89.09,54.97,95.13,53.61,63.0,68.83,50.12,55.77,50.92,63.26,55.97,60.85,84.62,55.97,63.23,81.78,55.97,89.05,55.97,87.07,59.44,65.69,63.52,55.14,83.28,53.33,78.21,52.85,92.7,53.33,55.97,96.66,62.83,58.97,79.9,35.28,66.1,55.86,65.68,68.83,67.08,53.56,65.85,55.97,55.97,95.24,68.83,55.97,94.19,55.23,59.25,52.72,68.83,69.89,55.59,52.4,55.97,59.44,63.52,70.62,65.74,65.69,44.09,65.69,59.08,59.08,65.69
59.99,54.81,51.11,69.81,60.42,56.37,55.93,80.47,56.37,51.55,70.5,68.63,56.37,83.4,56.35,56.37,72.67,52.35,60.42,72.11,85.62,56.37,53.53,72.67,67.6,68.63,55.93,55.93,55.93,60.42,66.19,60.42,68.63,68.63,60.42,53.29,46.49,59.28,75.26,56.37,71.38,67.87,50.24,55.48,67.54,50.02,72.11,53.8,57.29,63.23,73.75,56.82,84.95,69.98,72.11,72.11,60.42,60.42,57.13,56.37,59.99,56.37,59.11,83.79,60.42,45.94,51.83,46.12,68.63,55.93,59.99,45.84,58.31,92.28,56.37,96.27,53.61,65.18,72.11,50.04,56.14,51.17,66.36,56.37,64.0,84.34,56.37,65.43,84.74,56.37,91.56,56.37,89.68,60.42,68.63,66.19,55.54,86.61,53.8,81.82,53.43,95.19,53.8,56.37,97.61,63.28,59.87,82.42,32.11,68.84,56.55,68.62,72.11,69.77,53.38,67.9,56.37,56.37,96.37,72.11,56.37,96.38,55.51,60.19,53.28,72.11,71.56,55.93,52.5,56.37,60.42,66.19,73.93,69.02,68.63,43.4,68.63,59.99,59.99,68.63
59.91,53.94,51.06,68.24,60.31,56.51,56.09,79.11,56.51,51.98,68.9,67.1,55.41,82.3,56.48,56.51,71.01,52.73,60.31,70.46,84.51,56.51,53.84,71.89,66.11,67.1,56.09,56.09,56.09,59.25,64.75,60.31,67.1,67.1,60.31,53.61,46.74,59.24,74.38,56.51,69.75,66.36,50.19,55.67,66.54,50.55,70.46,53.62,57.37,62.94,72.93,56.91,83.84,67.97,70.46,70.46,59.25,60.31,57.22,56.51,59.91,56.51,59.05,82.7,60.31,46.14,51.68,45.83,67.1,56.09,59.91,45.57,58.86,91.31,55.41,95.59,53.92,64.28,70.46,50.08,56.29,51.06,64.47,56.51,62.71,83.24,56.51,64.52,83.64,56.51,90.37,56.51,88.4,60.31,67.1,64.75,55.7,85.5,53.62,80.45,53.18,94.41,53.62,56.51,97.09,62.48,59.8,81.01,33.13,68.24,56.65,67.08,70.46,68.67,53.16,66.87,56.51,56.51,95.7,70.46,56.51,95.71,55.7,60.1,53.04,70.46,70.83,56.09,52.85,56.51,60.31,64.75,73.1,67.95,67.1,43.3,67.1,59.91,59.91,67.1
59.49,53.74,56.66,67.56,59.88,56.21,55.82,81.46,56.21,51.85,68.2,66.45,55.16,84.26,56.19,56.21,70.26,52.58,59.88,69.72,83.29,56.21,53.64,70.63,65.49,66.45,55.82,55.82,55.82,58.85,64.17,59.88,66.45,66.45,59.88,53.43,46.81,58.85,73.1,56.21,69.03,65.73,50.23,55.41,65.99,50.48,69.72,53.43,57.05,61.87,71.66,56.02,82.6,67.3,69.72,69.72,58.85,59.88,56.9,56.21,59.49,56.21,58.76,81.44,59.88,46.34,51.66,46.04,66.45,55.82,59.49,45.78,58.57,90.34,55.16,95.92,53.72,63.81,69.72,50.03,56.0,51.07,63.9,56.21,62.29,85.08,56.21,64.04,82.79,56.21,89.61,56.21,87.6,59.88,66.45,64.17,55.53,84.3,53.43,79.16,53.11,93.66,53.43,56.21,97.27,62.07,59.38,80.17,33.69,67.04,55.77,66.43,69.72,68.06,53.67,66.31,56.21,56.21,96.02,69.72,56.21,95.07,55.44,59.68,52.97,69.72,69.59,55.82,52.11,56.21,59.88,64.17,72.38,67.36,66.45,44.18,66.45,59.49,59.49,66.45
99.96,99.95,88.86,99.97,99.97,99.97,99.96,98.16,99.97,98.89,99.94,99.97,99.97,99.63,99.7,99.97,99.89,95.03,99.97,99.97,99.9,99.97,99.84,99.97,99.64,99.97,99.96,99.9,99.96,99.97,99.97,99.97,99.97,99.97,99.97,99.5,6.32,99.84,99.98,99.97,99.95,98.44,99.03,99.95,99.08,70.44,99.97,99.7,99.92,99.96,99.98,99.98,99.99,99.74,99.97,99.97,99.97,99.97,99.97,99.97,99.89,99.97,99.99,99.76,99.97,4.96,98.72,0.27,99.97,99.96,99.89,22.35,99.93,99.99,99.97,99.99,99.97,95.24,99.97,6.93,99.4,98.93,99.74,99.97,77.06,99.99,99.97,84.32,99.99,99.97,99.94,99.97,99.84,99.96,99.97,99.97,99.99,99.99,99.74,60.7,85.82,99.96,99.74,99.97,99.99,99.91,99.93,98.58,52.38,98.53,99.98,99.77,99.97,99.93,94.72,99.06,99.97,99.97,99.99,99.9,99.97,99.99,99.89,99.4,98.62,99.97,99.82,99.96,99.68,99.97,99.97,99.97,99.99,99.7,99.97,0.06,99.97,99.96,99.96,99.97
99.96,99.95,88.86,99.97,99.97,99.97,99.96,98.16,99.97,98.89,99.94,99.97,99.97,99.63,99.7,99.97,99.89,95.03,99.97,99.97,99.9,99.97,99.84,99.97,99.64,99.97,99.96,99.9,99.96,99.97,99.97,99.97,99.97,99.97,99.97,99.5,6.32,99.84,99.98,99.97,99.95,98.44,99.03,99.95,99.08,70.44,99.97,99.7,99.92,99.96,99.98,99.98,99.99,99.74,99.97,99.97,99.97,99.97,99.97,99.97,99.89,99.97,99.99,99.76,99.97,4.96,98.72,0.27,99.97,99.96,99.89,22.35,99.93,99.99,99.97,99.99,99.97,95.24,99.97,6.93,99.4,98.93,99.74,99.97,77.06,99.99,99.97,84.32,99.99,99.97,99.94,99.97,99.84,99.96,99.97,99.97,99.99,99.99,99.74,60.7,85.82,99.96,99.74,99.97,99.99,99.91,99.93,98.58,52.38,98.53,99.98,99.77,99.97,99.93,94.72,99.06,99.97,99.97,99.99,99.9,99.97,99.99,99.89,99.4,98.62,99.97,99.82,99.96,99.68,99.97,99.97,99.97,99.99,99.7,99.97,0.06,99.97,99.96,99.96,99.97
99.96,99.95,87.9,99.96,99.96,99.96,99.96,97.87,99.96,98.87,99.93,99.96,99.96,99.52,99.71,99.96,99.88,95.14,99.96,99.96,99.88,99.96,99.82,99.97,99.65,99.96,99.96,99.9,99.96,99.96,99.96,99.96,99.96,99.96,99.96,99.43,6.89,99.83,99.98,99.96,99.94,98.14,98.76,99.94,99.01,67.51,99.96,99.66,99.9,99.95,99.97,99.97,99.99,99.71,99.96,99.96,99.96,99.96,99.96,99.96,99.89,99.96,99.99,99.73,99.96,5.03,98.62,0.28,99.96,99.96,99.89,22.62,99.91,99.99,99.96,99.99,99.96,94.85,99.96,8.66,99.34,98.72,99.71,99.96,78.37,99.98,99.96,85.12,99.99,99.96,99.93,99.96,99.81,99.95,99.96,99.96,99.98,99.99,99.71,60.74,86.33,99.95,99.71,99.96,99.99,99.88,99.93,98.67,50.04,98.46,99.97,99.75,99.96,99.91,94.42,98.98,99.96,99.96,99.99,99.89,99.96,99.99,99.89,99.34,98.19,99.96,99.83,99.96,99.7,99.96,99.96,99.96,99.98,99.62,99.96,0.06,99.96,99.96,99.96,99.96
99.96,99.95,87.61,99.96,99.96,99.96,99.96,97.95,99.96,98.71,99.93,99.96,99.96,99.54,99.73,99.96,99.88,95.27,99.96,99.96,99.88,99.96,99.83,99.97,99.67,99.96,99.96,99.9,99.96,99.96,99.96,99.96,99.96,99.96,99.96,99.47,7.07,99.84,99.98,99.96,99.95,98.35,98.81,99.95,99.05,68.11,99.96,99.69,99.9,99.96,99.97,99.98,99.99,99.73,99.96,99.96,99.96,99.96,99.96,99.96,99.89,99.96,99.99,99.74,99.96,4.9,98.68,0.27,99.96,99.96,99.89,22.14,99.91,99.99,99.96,99.99,99.96,95.04,99.96,8.88,99.36,98.69,99.73,99.96,77.9,99.98,99.96,85.63,99.99,99.96,99.93,99.96,99.8,99.96,99.96,99.96,99.98,99.99,99.73,58.02,86.0,99.95,99.73,99.96,99.99,99.89,99.93,98.72,50.73,98.35,99.97,99.76,99.96,99.92,94.78,99.03,99.96,99.96,99.99,99.89,99.96,99.99,99.89,99.36,98.41,99.96,99.83,99.96,99.71,99.96,99.96,99.96,99.98,99.64,99.96,0.06,99.96,99.96,99.96,99.96
99.96,99.95,88.51,99.97,99.97,99.97,99.96,98.04,99.97,98.74,99.93,99.97,99.97,99.53,99.71,99.97,99.89,94.87,99.97,99.97,99.89,99.97,99.83,99.96,99.63,99.97,99.96,99.91,99.96,99.97,99.97,99.97,99.97,99.97,99.97,99.48,6.53,99.83,99.98,99.97,99.95,98.39,98.79,99.95,99.04,67.17,99.97,99.69,99.91,99.96,99.97,99.97,99.99,99.73,99.97,99.97,99.97,99.97,99.97,99.97,99.9,99.97,99.99,99.74,99.97,4.79,98.65,0.26,99.97,99.96,99.9,21.74,99.91,99.99,99.97,99.99,99.97,94.96,99.97,9.02,99.42,98.67,99.73,99.97,78.63,99.98,99.97,85.42,99.99,99.97,99.93,99.97,99.8,99.96,99.97,99.97,99.98,99.99,99.73,59.06,85.79,99.95,99.73,99.97,99.99,99.89,99.93,98.7,53.26,98.32,99.97,99.77,99.97,99.92,94.9,99.01,99.97,99.97,99.99,99.9,99.97,99.99,99.9,99.42,98.54,99.97,99.83,99.96,99.71,99.97,99.97,99.97,99.98,99.63,99.97,0.06,99.97,99.96,99.96,99.97
